Workbook

Sheet 摘要
A1: Hugging Face 熱門模型資安適用性評分
A2: 結論 (依預設權重): 符合模型來源白名單的 4,289 個熱門模型中, 2,500 個通過6道排除條件, 其中 54 個評為「優先評估」. 前段以 AI 應用防護、個資偵測與資安語言模型為主; 一般用途模型以多語 embedding 與本地端語言模型分數最高.
A3: 範圍: 近六個月 (2026-04-25 至 2026-10-25) 下載量占 Hugging Face 全站 95% 的模型; 先依手冊 M3 章的模型來源白名單原則篩選. 資料來源: Hugging Face hub-stats 資料集 (cfahlgren1/hub-stats) 兩份快照. 評分規則見「評分方法」分頁.
A5: 篩選漏斗 | B5: 模型數 | C5: 占比 | F5: 說明
A6: 納入評估的熱門模型 | B6: =B7+B8 -> 4289 | C6: =B6/B6 -> 1 | F6: 近六個月下載量前 95% 且符合模型來源白名單
A7: 觸及至少一項排除條件 | B7: =COUNTA(排除清單!A2:A1790) -> 1789 | C7: =B7/B6 -> 0.41711355 | F7: 明細見「排除清單」分頁
A8: 通過篩選並評分 | B8: =COUNTA(資安適用排名!B2:B2501) -> 2500 | C8: =B8/B6 -> 0.58288645 | F8: 明細見「資安適用排名」分頁
A10: 排除條件 | B10: 觸及模型數 | C10: 占總數 | F10: 說明
A11: G1 移除護欄或不當用途 | B11: =COUNTIF(排除清單!$G$2:$G$1790,"*G1*") -> 66 | C11: =B11/$B$6 -> 0.015388202 | F11: 名稱含 uncensored、abliterated、heretic、offsec 或成人內容生成
A12: G2 測試用模型 | B12: =COUNTIF(排除清單!$G$2:$G$1790,"*G2*") -> 209 | C12: =B12/$B$6 -> 0.048729308 | F12: 名稱或帳號含 internal-testing、tiny-random 等
A13: G3 權重格式可執行程式碼 | B13: =COUNTIF(排除清單!$G$2:$G$1790,"*G3*") -> 909 | C13: =B13/$B$6 -> 0.21193751 | F13: 沒有 safetensors、GGUF 或 ONNX 權重, 只提供 pickle 等格式
A14: G4 需執行遠端程式碼 | B14: =COUNTIF(排除清單!$G$2:$G$1790,"*G4*") -> 277 | C14: =B14/$B$6 -> 0.064583819 | F14: 帶 custom_code 標籤, 載入時須開啟 trust_remote_code
A15: G5 授權不允許商用 | B15: =COUNTIF(排除清單!$G$2:$G$1790,"*G5*") -> 191 | C15: =B15/$B$6 -> 0.044532525 | F15: CC BY-NC 系列、Apple AMLR、研究專用授權
A16: G6 無防禦用途 | B16: =COUNTIF(排除清單!$G$2:$G$1790,"*G6*") -> 373 | C16: =B16/$B$6 -> 0.086966659 | F16: 生成影像、影音或語音的模型
A18: 註: 一個模型可能同時觸及多項條件, 各條件模型數加總會大於排除總數.
A20: 適用等級 | B20: 模型數 | C20: 占通過數 | D20: 門檻 | F20: 意義
A21: 優先評估 | B21: =COUNTIF(資安適用排名!$H$2:$H$2501,A21) -> 54 | C21: =B21/$B$8 -> 0.0216 | D21: =評分方法!$C$16 -> 80 | F21: 可直接列入 PoC 候選
A22: 列入候選 | B22: =COUNTIF(資安適用排名!$H$2:$H$2501,A22) -> 412 | C22: =B22/$B$8 -> 0.1648 | D22: =評分方法!$C$17 -> 70 | F22: 符合多數條件, 需比較同類模型後再選
A23: 特定情境 | B23: =COUNTIF(資安適用排名!$H$2:$H$2501,A23) -> 993 | C23: =B23/$B$8 -> 0.3972 | D23: =評分方法!$C$18 -> 60 | F23: 只在特定使用情境或資料條件下適用
A24: 不建議 | B24: =COUNTIF(資安適用排名!$H$2:$H$2501,A24) -> 1041 | C24: =B24/$B$8 -> 0.4164 | D24: =評分方法!$C$19 -> 0 | F24: 條件不足, 不建議投入評估資源
A26: 資安用途類別 | B26: 模型數 | C26: 最高分 | D26: 平均分 | E26: 優先評估數 | F26: 代表用途
A27: AI 應用防護 | B27: =COUNTIF(資安適用排名!$D$2:$D$2501,A27) -> 19 | C27: =_xlfn.MAXIFS(資安適用排名!$G$2:$G$2501,資安適用排名!$D$2:$D$2501,A27) -> 93.848 | D27: =AVERAGEIF(資安適用排名!$D$2:$D$2501,A27,資安適用排名!$G$2:$G$2501) -> 77.945895 | E27: =COUNTIFS(資安適用排名!$D$2:$D$2501,A27,資安適用排名!$H$2:$H$2501,"優先評估") -> 9 | F27: AI 應用的提示注入、越獄與有害內容偵測
A28: 個資偵測與去識別化 | B28: =COUNTIF(資安適用排名!$D$2:$D$2501,A28) -> 15 | C28: =_xlfn.MAXIFS(資安適用排名!$G$2:$G$2501,資安適用排名!$D$2:$D$2501,A28) -> 91.272 | D28: =AVERAGEIF(資安適用排名!$D$2:$D$2501,A28,資安適用排名!$G$2:$G$2501) -> 77.229867 | E28: =COUNTIFS(資安適用排名!$D$2:$D$2501,A28,資安適用排名!$H$2:$H$2501,"優先評估") -> 5 | F28: 個資偵測與遮蔽
A29: 威脅情資與資安語言 | B29: =COUNTIF(資安適用排名!$D$2:$D$2501,A29) -> 3 | C29: =_xlfn.MAXIFS(資安適用排名!$G$2:$G$2501,資安適用排名!$D$2:$D$2501,A29) -> 88.632 | D29: =AVERAGEIF(資安適用排名!$D$2:$D$2501,A29,資安適用排名!$G$2:$G$2501) -> 79.619333 | E29: =COUNTIFS(資安適用排名!$D$2:$D$2501,A29,資安適用排名!$H$2:$H$2501,"優先評估") -> 2 | F29: 以資安語料訓練, 適合情資檢索與實體擷取
A30: 深偽與生成內容偵測 | B30: =COUNTIF(資安適用排名!$D$2:$D$2501,A30) -> 4 | C30: =_xlfn.MAXIFS(資安適用排名!$G$2:$G$2501,資安適用排名!$D$2:$D$2501,A30) -> 86.384 | D30: =AVERAGEIF(資安適用排名!$D$2:$D$2501,A30,資安適用排名!$G$2:$G$2501) -> 72.4795 | E30: =COUNTIFS(資安適用排名!$D$2:$D$2501,A30,資安適用排名!$H$2:$H$2501,"優先評估") -> 1 | F30: 偵測 AI 生成的圖片或文字, 輔助詐騙與社交工程防範
A31: 檢索與情資關聯 | B31: =COUNTIF(資安適用排名!$D$2:$D$2501,A31) -> 270 | C31: =_xlfn.MAXIFS(資安適用排名!$G$2:$G$2501,資安適用排名!$D$2:$D$2501,A31) -> 85.988 | D31: =AVERAGEIF(資安適用排名!$D$2:$D$2501,A31,資安適用排名!$G$2:$G$2501) -> 67.009985 | E31: =COUNTIFS(資安適用排名!$D$2:$D$2501,A31,資安適用排名!$H$2:$H$2501,"優先評估") -> 25 | F31: 威脅情資語意搜尋、相似告警比對、事件知識庫 RAG
A32: 分析與報告生成 | B32: =COUNTIF(資安適用排名!$D$2:$D$2501,A32) -> 981 | C32: =_xlfn.MAXIFS(資安適用排名!$G$2:$G$2501,資安適用排名!$D$2:$D$2501,A32) -> 82.322 | D32: =AVERAGEIF(資安適用排名!$D$2:$D$2501,A32,資安適用排名!$G$2:$G$2501) -> 64.069498 | E32: =COUNTIFS(資安適用排名!$D$2:$D$2501,A32,資安適用排名!$H$2:$H$2501,"優先評估") -> 6 | F32: 告警分診摘要、ATT&CK 對映、事件報告初稿 (需人工確認)
A33: 實體擷取與去識別化 | B33: =COUNTIF(資安適用排名!$D$2:$D$2501,A33) -> 357 | C33: =_xlfn.MAXIFS(資安適用排名!$G$2:$G$2501,資安適用排名!$D$2:$D$2501,A33) -> 82.32 | D33: =AVERAGEIF(資安適用排名!$D$2:$D$2501,A33,資安適用排名!$G$2:$G$2501) -> 63.647249 | E33: =COUNTIFS(資安適用排名!$D$2:$D$2501,A33,資安適用排名!$H$2:$H$2501,"優先評估") -> 3 | F33: 從報告擷取 IOC 與實體, log 與工單個資遮蔽
A34: AI 紅隊評估 | B34: =COUNTIF(資安適用排名!$D$2:$D$2501,A34) -> 7 | C34: =_xlfn.MAXIFS(資安適用排名!$G$2:$G$2501,資安適用排名!$D$2:$D$2501,A34) -> 82.04 | D34: =AVERAGEIF(資安適用排名!$D$2:$D$2501,A34,資安適用排名!$G$2:$G$2501) -> 70.856571 | E34: =COUNTIFS(資安適用排名!$D$2:$D$2501,A34,資安適用排名!$H$2:$H$2501,"優先評估") -> 1 | F34: LLM 弱點掃描工具 garak 的偵測元件
A35: 日誌異常偵測 | B35: =COUNTIF(資安適用排名!$D$2:$D$2501,A35) -> 1 | C35: =_xlfn.MAXIFS(資安適用排名!$G$2:$G$2501,資安適用排名!$D$2:$D$2501,A35) -> 81.654 | D35: =AVERAGEIF(資安適用排名!$D$2:$D$2501,A35,資安適用排名!$G$2:$G$2501) -> 81.654 | E35: =COUNTIFS(資安適用排名!$D$2:$D$2501,A35,資安適用排名!$H$2:$H$2501,"優先評估") -> 1 | F35: 日誌序列異常分類
A36: 釣魚與垃圾訊息偵測 | B36: =COUNTIF(資安適用排名!$D$2:$D$2501,A36) -> 3 | C36: =_xlfn.MAXIFS(資安適用排名!$G$2:$G$2501,資安適用排名!$D$2:$D$2501,A36) -> 80.734 | D36: =AVERAGEIF(資安適用排名!$D$2:$D$2501,A36,資安適用排名!$G$2:$G$2501) -> 72.171333 | E36: =COUNTIFS(資安適用排名!$D$2:$D$2501,A36,資安適用排名!$H$2:$H$2501,"優先評估") -> 1 | F36: 釣魚郵件、垃圾訊息或惡意網址分類
A37: 分類與偵測 | B37: =COUNTIF(資安適用排名!$D$2:$D$2501,A37) -> 88 | C37: =_xlfn.MAXIFS(資安適用排名!$G$2:$G$2501,資安適用排名!$D$2:$D$2501,A37) -> 78.266 | D37: =AVERAGEIF(資安適用排名!$D$2:$D$2501,A37,資安適用排名!$G$2:$G$2501) -> 57.461864 | E37: =COUNTIFS(資安適用排名!$D$2:$D$2501,A37,資安適用排名!$H$2:$H$2501,"優先評估") -> 0 | F37: 告警分類、釣魚郵件判斷、日誌事件分類 (需以資安資料微調)
A38: 時序異常偵測 | B38: =COUNTIF(資安適用排名!$D$2:$D$2501,A38) -> 53 | C38: =_xlfn.MAXIFS(資安適用排名!$G$2:$G$2501,資安適用排名!$D$2:$D$2501,A38) -> 77.48 | D38: =AVERAGEIF(資安適用排名!$D$2:$D$2501,A38,資安適用排名!$G$2:$G$2501) -> 67.840981 | E38: =COUNTIFS(資安適用排名!$D$2:$D$2501,A38,資安適用排名!$H$2:$H$2501,"優先評估") -> 0 | F38: OT 製程數據、流量與登入次數的時序異常偵測
... A44: 其他 | B44: =COUNTIF(資安適用排名!$D$2:$D$2501,A44) -> 90 | C44: =_xlfn.MAXIFS(資安適用排名!$G$2:$G$2501,資安適用排名!$D$2:$D$2501,A44) -> 61.504 | D44: =AVERAGEIF(資安適用排名!$D$2:$D$2501,A44,資安適用排名!$G$2:$G$2501) -> 43.172311 | E44: =COUNTIFS(資安適用排名!$D$2:$D$2501,A44,資安適用排名!$H$2:$H$2501,"優先評估") -> 0 | F44: 用途有限
A46: 總排名前 20 | B46: 總分 | C46: 適用等級 | F46: 模型 ID
A47: 1 | B47: =INDEX(資安適用排名!$G$2:$G$2501,MATCH(A47,資安適用排名!$A$2:$A$2501,0)) -> 93.848 | C47: =INDEX(資安適用排名!$H$2:$H$2501,MATCH(A47,資安適用排名!$A$2:$A$2501,0)) -> 優先評估 | F47: =INDEX(資安適用排名!$B$2:$B$2501,MATCH(A47,資安適用排名!$A$2:$A$2501,0)) -> protectai/deberta-v3-base-prompt-injection-v2
A48: 2 | B48: =INDEX(資安適用排名!$G$2:$G$2501,MATCH(A48,資安適用排名!$A$2:$A$2501,0)) -> 91.272 | C48: =INDEX(資安適用排名!$H$2:$H$2501,MATCH(A48,資安適用排名!$A$2:$A$2501,0)) -> 優先評估 | F48: =INDEX(資安適用排名!$B$2:$B$2501,MATCH(A48,資安適用排名!$A$2:$A$2501,0)) -> gravitee-io/bert-small-pii-detection
A49: 3 | B49: =INDEX(資安適用排名!$G$2:$G$2501,MATCH(A49,資安適用排名!$A$2:$A$2501,0)) -> 90.486 | C49: =INDEX(資安適用排名!$H$2:$H$2501,MATCH(A49,資安適用排名!$A$2:$A$2501,0)) -> 優先評估 | F49: =INDEX(資安適用排名!$B$2:$B$2501,MATCH(A49,資安適用排名!$A$2:$A$2501,0)) -> openai/privacy-filter
A50: 4 | B50: =INDEX(資安適用排名!$G$2:$G$2501,MATCH(A50,資安適用排名!$A$2:$A$2501,0)) -> 89.792 | C50: =INDEX(資安適用排名!$H$2:$H$2501,MATCH(A50,資安適用排名!$A$2:$A$2501,0)) -> 優先評估 | F50: =INDEX(資安適用排名!$B$2:$B$2501,MATCH(A50,資安適用排名!$A$2:$A$2501,0)) -> meta-llama/Prompt-Guard-86M
A51: 5 | B51: =INDEX(資安適用排名!$G$2:$G$2501,MATCH(A51,資安適用排名!$A$2:$A$2501,0)) -> 89.14 | C51: =INDEX(資安適用排名!$H$2:$H$2501,MATCH(A51,資安適用排名!$A$2:$A$2501,0)) -> 優先評估 | F51: =INDEX(資安適用排名!$B$2:$B$2501,MATCH(A51,資安適用排名!$A$2:$A$2501,0)) -> fastino/gliner2-privacy-filter-PII-multi
A52: 6 | B52: =INDEX(資安適用排名!$G$2:$G$2501,MATCH(A52,資安適用排名!$A$2:$A$2501,0)) -> 88.632 | C52: =INDEX(資安適用排名!$H$2:$H$2501,MATCH(A52,資安適用排名!$A$2:$A$2501,0)) -> 優先評估 | F52: =INDEX(資安適用排名!$B$2:$B$2501,MATCH(A52,資安適用排名!$A$2:$A$2501,0)) -> cisco-ai/SecureBERT2.0-biencoder
A53: 7 | B53: =INDEX(資安適用排名!$G$2:$G$2501,MATCH(A53,資安適用排名!$A$2:$A$2501,0)) -> 88.328 | C53: =INDEX(資安適用排名!$H$2:$H$2501,MATCH(A53,資安適用排名!$A$2:$A$2501,0)) -> 優先評估 | F53: =INDEX(資安適用排名!$B$2:$B$2501,MATCH(A53,資安適用排名!$A$2:$A$2501,0)) -> protectai/deberta-v3-base-prompt-injection
A54: 8 | B54: =INDEX(資安適用排名!$G$2:$G$2501,MATCH(A54,資安適用排名!$A$2:$A$2501,0)) -> 87.304 | C54: =INDEX(資安適用排名!$H$2:$H$2501,MATCH(A54,資安適用排名!$A$2:$A$2501,0)) -> 優先評估 | F54: =INDEX(資安適用排名!$B$2:$B$2501,MATCH(A54,資安適用排名!$A$2:$A$2501,0)) -> cisco-ai/SecureBERT2.0-cross_encoder
A55: 9 | B55: =INDEX(資安適用排名!$G$2:$G$2501,MATCH(A55,資安適用排名!$A$2:$A$2501,0)) -> 86.384 | C55: =INDEX(資安適用排名!$H$2:$H$2501,MATCH(A55,資安適用排名!$A$2:$A$2501,0)) -> 優先評估 | F55: =INDEX(資安適用排名!$B$2:$B$2501,MATCH(A55,資安適用排名!$A$2:$A$2501,0)) -> openai-community/roberta-base-openai-detector
A56: 10 | B56: =INDEX(資安適用排名!$G$2:$G$2501,MATCH(A56,資安適用排名!$A$2:$A$2501,0)) -> 85.988 | C56: =INDEX(資安適用排名!$H$2:$H$2501,MATCH(A56,資安適用排名!$A$2:$A$2501,0)) -> 優先評估 | F56: =INDEX(資安適用排名!$B$2:$B$2501,MATCH(A56,資安適用排名!$A$2:$A$2501,0)) -> sentence-transformers/paraphrase-multilingual-MiniLM-L12-v2
A57: 11 | B57: =INDEX(資安適用排名!$G$2:$G$2501,MATCH(A57,資安適用排名!$A$2:$A$2501,0)) -> 85.952 | C57: =INDEX(資安適用排名!$H$2:$H$2501,MATCH(A57,資安適用排名!$A$2:$A$2501,0)) -> 優先評估 | F57: =INDEX(資安適用排名!$B$2:$B$2501,MATCH(A57,資安適用排名!$A$2:$A$2501,0)) -> intfloat/multilingual-e5-small
A58: 12 | B58: =INDEX(資安適用排名!$G$2:$G$2501,MATCH(A58,資安適用排名!$A$2:$A$2501,0)) -> 85.912 | C58: =INDEX(資安適用排名!$H$2:$H$2501,MATCH(A58,資安適用排名!$A$2:$A$2501,0)) -> 優先評估 | F58: =INDEX(資安適用排名!$B$2:$B$2501,MATCH(A58,資安適用排名!$A$2:$A$2501,0)) -> intfloat/multilingual-e5-large
... A66: 20 | B66: =INDEX(資安適用排名!$G$2:$G$2501,MATCH(A66,資安適用排名!$A$2:$A$2501,0)) -> 84.028 | C66: =INDEX(資安適用排名!$H$2:$H$2501,MATCH(A66,資安適用排名!$A$2:$A$2501,0)) -> 優先評估 | F66: =INDEX(資安適用排名!$B$2:$B$2501,MATCH(A66,資安適用排名!$A$2:$A$2501,0)) -> ibm-granite/granite-embedding-311m-multilingual-r2

Sheet 評分方法
A1: 資安適用性評分方法
A2: 使用方式: 「權重」與「等級門檻」兩欄可直接修改, 其他分頁的分數、等級與排名會自動重算. 修改後若要調整列的順序, 可在「資安適用排名」分頁依「排名」欄重新排序.
A4: 代號 | B4: 評分面向 | C4: 權重 (可修改) | D4: 計分方式 (原始比率 0 至 1) | E4: 依據
A5: A | B5: 任務適配 | C5: 30 | D5: 依任務類型給基礎比率 (見下方對照表); 專精領域與資安無關 (醫療、情緒分析等) 乘 0.4; 只支援特定外語乘 0.6 | E5: 任務能否直接用於偵測、分類、擷取、檢索或分析 [推論]
A6: B | B6: 資安專精 | C6: 10 | D6: 以資安資料或資安任務訓練: AI 應用防護、情資、釣魚、個資、日誌、紅隊 = 1.0; 深偽與生成內容偵測 = 0.7; 內容安全審查 = 0.5; 一般模型 = 0 | E6: 依模型名稱比對資安用途關鍵字, 並人工排除誤判
A7: C | B7: 來源可信度 | C7: 15 | D7: 原始開發組織 = 1.0; 知名社群或重新封裝者 = 0.67; 其他帳號 = 0.33 | E7: 依帳號名單分級 (見下方名單) [推論]
A8: D | B8: 部署可行性 | C8: 15 | D8: 參數量 10 億以下 = 1.0; 100 億以下 = 0.87; 350 億以下 = 0.6; 1,000 億以下 = 0.33; 以上 = 0.13; 未標示 = 0.47 | E8: 能否在內網以一般 GPU 或 CPU 部署
A9: E | B9: 授權友善度 | C9: 10 | D9: Apache 2.0、MIT、BSD、CC BY = 1.0; CC BY-SA = 0.8; OpenRAIL = 0.7; Llama、Gemma 等自訂授權 = 0.6; GPL 類 = 0.5; 未標示 = 0.2 | E9: 模型頁面授權標籤; 非商用授權已列為排除條件
A10: F | B10: 採用度 | C10: 10 | D10: 近六個月下載數在通過篩選模型中的百分位 | E10: 兩份全站快照的累計下載數相減
A11: G | B11: 維護活躍度 | C11: 5 | D11: 最後更新距 2026-10-25 在 6 個月內 = 1.0; 1 年內 = 0.8; 2 年內 = 0.5; 更久 = 0.2 | E11: 模型頁面最後更新日期
A12: H | B12: 中文支援 | C12: 5 | D12: 標示支援中文或多語 = 1.0; 未標示語言的大型語言模型 = 0.6; 未標示語言 = 0.3; 標示語言但不含中文 = 0 | E12: 模型頁面語言標籤 [推論: 大型語言模型通常支援中文, 但未經測試]
B13: 合計 | C13: =SUM(C5:C12) -> 100 | D13: 總分 = 各面向原始比率 × 權重後加總, 滿分為權重合計
B15: 適用等級 | C15: 門檻 (可修改) | D15: 意義
B16: 優先評估 | C16: 80 | D16: 可直接列入 PoC 候選
B17: 列入候選 | C17: 70 | D17: 符合多數條件, 需比較同類模型後再選
B18: 特定情境 | C18: 60 | D18: 只在特定使用情境或資料條件下適用
B19: 不建議 | C19: 0 | D19: 條件不足, 不建議投入評估資源
A21: 代號 | B21: 排除條件 | D21: 說明 | E21: 理由
A22: G1 | B22: 移除護欄或不當用途 | D22: 名稱含 uncensored、abliterated、heretic、offsec 或成人內容生成 | E22: 不適合放進防禦流程, 且有濫用疑慮
A23: G2 | B23: 測試用模型 | D23: 名稱或帳號含 internal-testing、tiny-random 等 | E23: 供框架測試, 非正式用途
A24: G3 | B24: 權重格式可執行程式碼 | D24: 沒有 safetensors、GGUF 或 ONNX 權重, 只提供 pickle 等格式 | E24: pickle 載入時可能執行任意程式碼
A25: G4 | B25: 需執行遠端程式碼 | D25: 帶 custom_code 標籤, 載入時須開啟 trust_remote_code | E25: 等於執行模型倉庫中的 Python 程式
A26: G5 | B26: 授權不允許商用 | D26: CC BY-NC 系列、Apple AMLR、研究專用授權 | E26: 無法用於商業服務或對外提供
A27: G6 | B27: 無防禦用途 | D27: 生成影像、影音或語音的模型 | E27: 與偵測和防禦無關
B30: 任務類型 | C30: 任務適配比率 | D30: 對應資安用途類別
B31: text-classification | C31: 1 | D31: 分類與偵測
B32: token-classification | C32: 0.95 | D32: 實體擷取與去識別化
B33: zero-shot-classification | C33: 0.9 | D33: 分類與偵測
B34: sentence-similarity | C34: 0.9 | D34: 檢索與情資關聯
B35: feature-extraction | C35: 0.9 | D35: 檢索與情資關聯
B36: text-ranking | C36: 0.9 | D36: 檢索與情資關聯
B37: text-generation | C37: 0.85 | D37: 分析與報告生成
B38: image-text-to-text | C38: 0.85 | D38: 分析與報告生成
B39: any-to-any | C39: 0.8 | D39: 分析與報告生成
B40: time-series-forecasting | C40: 0.7 | D40: 時序異常偵測
B41: question-answering | C41: 0.6 | D41: 分析與報告生成
B42: summarization | C42: 0.6 | D42: 分析與報告生成
... B83: robotics | C83: 0 | D83: 無防禦用途 (G7)
B85: 來源分級 | D85: 帳號名單
B86: 原始開發組織 | D86: ai-safety-institute, ai21labs, allenai, amazon, amd, answerdotai, apple, argmaxinc, autogluon, aws, babelscape, bigcode, bigscience, black-forest-labs, bsc-lm, cardiffnlp, cisco-ai, cohere, cohereforai, coherelabs, colbert-ir, comfy-org, compvis, coqui, cross-encoder, databricks, datalab-to, deepset, distilbert, docling-project, eleutherai, facebook, facebookai, fastino, fdtn-ai, flair, garak-llm, google, google-bert, google-research, google-t5, gravitee-io, guardrailsai, helsinki-nlp, hexgrad, huggingface, huggingfacem4, huggingfacetb, ibm, ibm-granite, ibm-research, intel, intfloat, jhu-clsp, jinaai, kyutai, laion, lightonai, liquidai, llava-hf, meta-llama, microsoft, microsoft-research, mistralai, mixedbread-ai, mosaicml, nomic-ai, nreimers, nvidia, nvidia-community, openai, openai-community, openmmlab, projecte-aina, protectai, pyannote, qdrant, runwayml, salesforce, sarvamai, sentence-transformers, servicenow-ai, snowflake, speechbrain, stabilityai, stanfordaimi, stanfordnlp, systran, tiiuae, timm, ultralytics, unbabel, vectara
B87: 知名社群或重新封裝者 | D87: adamcodd, bartowski, cognitivecomputations, cointegrated, davlan, dbmdz, dima806, dslim, emilyalsentzer, falconsai, ggml-org, jonatasgrosman, knowledgator, lmstudio-community, lmsys, marqo, maziyarpanahi, mlx-community, mradermacher, neuralmagic, nousresearch, onnx-community, openchat, openmmlab, patrickvonplaten, philschmid, prithivmlmods, quantfactory, redhatai, second-state, sshleifer, teknium, thebloke, tinyllama, unsloth, unslothai, urchade, w11wo, whereisai, xenova, ybelkada
A89: 限制: (1) 評估範圍為符合模型來源白名單的熱門模型, 白名單原則見手冊 M3 章. (2) 任務類型由作者標示, 未標示者依上游模型、框架設定或名稱推定. (3) 分數衡量的是「值得投入評估的程度」, 不代表偵測效果; 實際效果須以自己的資料做 PoC 驗證. (4) 所有權重與分級為依產業邏輯設定的推論, 可依案件調整.

Sheet 資安適用排名
A1: 排名 | B1: 模型 ID | C1: 作者 | D1: 資安用途類別 | E1: 建議用途 | F1: 資安專精領域 | G1: 總分 | H1: 適用等級 | I1: 任務適配 | J1: 資安專精 | K1: 來源可信度 | L1: 部署可行性 | M1: 授權友善度 | N1: 採用度 | O1: 維護活躍度 | P1: 中文支援 | Q1: 近六個月下載數 | R1: 參數量 | S1: 參數級距 | T1: 授權 | U1: 授權類型 | V1: 權重格式 | W1: 來源分級 | X1: 中文支援情形 | Y1: Base model | Z1: 衍生關係 | AA1: 任務類型 | AB1: 任務類型來源 | AC1: 備註 | AD1: 模型頁面 | AE1: A 比率 | AF1: B 比率 | AG1: C 比率 | AH1: D 比率 | AI1: E 比率 | AJ1: F 比率 | AK1: G 比率 | AL1: H 比率 | AM1: 類別內排名 | AN1: 查詢鍵
A2: =RANK(G2,$G$2:$G$2501)+COUNTIF($G$2:G2,G2)-1 -> 1 | B2: protectai/deberta-v3-base-prompt-injection-v2 | C2: protectai | D2: AI 應用防護 | E2: AI 應用的提示注入、越獄與有害內容偵測 | F2: AI 應用防護 | G2: =ROUND(SUM(I2:P2),3) -> 93.848 | H2: =IF(G2>=評分方法!$C$16,"優先評估",IF(G2>=評分方法!$C$17,"列入候選",IF(G2>=評分方法!$C$18,"特定情境","不建議"))) -> 優先評估 | I2: =AE2*評分方法!$C$5 -> 30 | J2: =AF2*評分方法!$C$6 -> 10 | K2: =AG2*評分方法!$C$7 -> 15 | L2: =AH2*評分方法!$C$8 -> 15 | M2: =AI2*評分方法!$C$9 -> 10 | N2: =AJ2*評分方法!$C$10 -> 8.848 | O2: =AK2*評分方法!$C$11 -> 5 | P2: =AL2*評分方法!$C$12 -> 0 | Q2: 3175433 | R2: 184423682 | S2: 10 億以下 | T2: apache-2.0 | U2: 寬鬆授權 | V2: safetensors;onnx | W2: 原始開發組織 | X2: 未標示中文 | Y2: microsoft/deberta-v3-base | Z2: quantized | AA2: text-classification | AB2: 作者標示 | AC2: 量化版本 | AD2: https://huggingface.co/protectai/deberta-v3-base-prompt-injection-v2 | AE2: 1 | AF2: 1 | AG2: 1 | AH2: 1 | AI2: 1 | AJ2: 0.8848 | AK2: 1 | AL2: 0 | AM2: =COUNTIFS($D$2:$D$2501,D2,$G$2:$G$2501,">"&G2)+COUNTIFS($D$2:D2,D2,$G$2:G2,G2) -> 1 | AN2: =D2&"|"&AM2 -> AI 應用防護|1
A3: =RANK(G3,$G$2:$G$2501)+COUNTIF($G$2:G3,G3)-1 -> 2 | B3: gravitee-io/bert-small-pii-detection | C3: gravitee-io | D3: 個資偵測與去識別化 | E3: 個資偵測與遮蔽 | F3: 個資偵測與去識別化 | G3: =ROUND(SUM(I3:P3),3) -> 91.272 | H3: =IF(G3>=評分方法!$C$16,"優先評估",IF(G3>=評分方法!$C$17,"列入候選",IF(G3>=評分方法!$C$18,"特定情境","不建議"))) -> 優先評估 | I3: =AE3*評分方法!$C$5 -> 28.5 | J3: =AF3*評分方法!$C$6 -> 10 | K3: =AG3*評分方法!$C$7 -> 15 | L3: =AH3*評分方法!$C$8 -> 15 | M3: =AI3*評分方法!$C$9 -> 10 | N3: =AJ3*評分方法!$C$10 -> 7.772 | O3: =AK3*評分方法!$C$11 -> 5 | P3: =AL3*評分方法!$C$12 -> 0 | Q3: 1349477 | R3: 28527155 | S3: 10 億以下 | T3: apache-2.0 | U3: 寬鬆授權 | V3: safetensors;onnx | W3: 原始開發組織 | X3: 未標示中文 | Y3: prajjwal1/bert-small | Z3: quantized | AA3: token-classification | AB3: 作者標示 | AC3: 量化版本 | AD3: https://huggingface.co/gravitee-io/bert-small-pii-detection | AE3: 0.95 | AF3: 1 | AG3: 1 | AH3: 1 | AI3: 1 | AJ3: 0.7772 | AK3: 1 | AL3: 0 | AM3: =COUNTIFS($D$2:$D$2501,D3,$G$2:$G$2501,">"&G3)+COUNTIFS($D$2:D3,D3,$G$2:G3,G3) -> 1 | AN3: =D3&"|"&AM3 -> 個資偵測與去識別化|1
A4: =RANK(G4,$G$2:$G$2501)+COUNTIF($G$2:G4,G4)-1 -> 3 | B4: openai/privacy-filter | C4: openai | D4: 個資偵測與去識別化 | E4: 個資偵測與遮蔽 | F4: 個資偵測與去識別化 | G4: =ROUND(SUM(I4:P4),3) -> 90.486 | H4: =IF(G4>=評分方法!$C$16,"優先評估",IF(G4>=評分方法!$C$17,"列入候選",IF(G4>=評分方法!$C$18,"特定情境","不建議"))) -> 優先評估 | I4: =AE4*評分方法!$C$5 -> 28.5 | J4: =AF4*評分方法!$C$6 -> 10 | K4: =AG4*評分方法!$C$7 -> 15 | L4: =AH4*評分方法!$C$8 -> 13.05 | M4: =AI4*評分方法!$C$9 -> 10 | N4: =AJ4*評分方法!$C$10 -> 8.436 | O4: =AK4*評分方法!$C$11 -> 4 | P4: =AL4*評分方法!$C$12 -> 1.5 | Q4: 2096057 | R4: 1399486865 | S4: 10 億至 100 億 | T4: apache-2.0 | U4: 寬鬆授權 | V4: safetensors;onnx | W4: 原始開發組織 | X4: 未標示 | AA4: token-classification | AB4: 作者標示 | AD4: https://huggingface.co/openai/privacy-filter | AE4: 0.95 | AF4: 1 | AG4: 1 | AH4: 0.87 | AI4: 1 | AJ4: 0.8436 | AK4: 0.8 | AL4: 0.3 | AM4: =COUNTIFS($D$2:$D$2501,D4,$G$2:$G$2501,">"&G4)+COUNTIFS($D$2:D4,D4,$G$2:G4,G4) -> 2 | AN4: =D4&"|"&AM4 -> 個資偵測與去識別化|2
A5: =RANK(G5,$G$2:$G$2501)+COUNTIF($G$2:G5,G5)-1 -> 4 | B5: meta-llama/Prompt-Guard-86M | C5: meta-llama | D5: AI 應用防護 | E5: AI 應用的提示注入、越獄與有害內容偵測 | F5: AI 應用防護 | G5: =ROUND(SUM(I5:P5),3) -> 89.792 | H5: =IF(G5>=評分方法!$C$16,"優先評估",IF(G5>=評分方法!$C$17,"列入候選",IF(G5>=評分方法!$C$18,"特定情境","不建議"))) -> 優先評估 | I5: =AE5*評分方法!$C$5 -> 30 | J5: =AF5*評分方法!$C$6 -> 10 | K5: =AG5*評分方法!$C$7 -> 15 | L5: =AH5*評分方法!$C$8 -> 15 | M5: =AI5*評分方法!$C$9 -> 6 | N5: =AJ5*評分方法!$C$10 -> 9.792 | O5: =AK5*評分方法!$C$11 -> 4 | P5: =AL5*評分方法!$C$12 -> 0 | Q5: 19784811 | R5: 278811651 | S5: 10 億以下 | T5: llama3.1 | U5: 自訂授權, 需法務審查 | V5: safetensors | W5: 原始開發組織 | X5: 未標示中文 | AA5: text-classification | AB5: 作者標示 | AC5: 授權需確認 | AD5: https://huggingface.co/meta-llama/Prompt-Guard-86M | AE5: 1 | AF5: 1 | AG5: 1 | AH5: 1 | AI5: 0.6 | AJ5: 0.9792 | AK5: 0.8 | AL5: 0 | AM5: =COUNTIFS($D$2:$D$2501,D5,$G$2:$G$2501,">"&G5)+COUNTIFS($D$2:D5,D5,$G$2:G5,G5) -> 2 | AN5: =D5&"|"&AM5 -> AI 應用防護|2
A6: =RANK(G6,$G$2:$G$2501)+COUNTIF($G$2:G6,G6)-1 -> 5 | B6: fastino/gliner2-privacy-filter-PII-multi | C6: fastino | D6: 個資偵測與去識別化 | E6: 個資偵測與遮蔽 | F6: 個資偵測與去識別化 | G6: =ROUND(SUM(I6:P6),3) -> 89.14 | H6: =IF(G6>=評分方法!$C$16,"優先評估",IF(G6>=評分方法!$C$17,"列入候選",IF(G6>=評分方法!$C$18,"特定情境","不建議"))) -> 優先評估 | I6: =AE6*評分方法!$C$5 -> 28.5 | J6: =AF6*評分方法!$C$6 -> 10 | K6: =AG6*評分方法!$C$7 -> 15 | L6: =AH6*評分方法!$C$8 -> 15 | M6: =AI6*評分方法!$C$9 -> 10 | N6: =AJ6*評分方法!$C$10 -> 5.64 | O6: =AK6*評分方法!$C$11 -> 5 | P6: =AL6*評分方法!$C$12 -> 0 | Q6: 584868 | R6: 307098645 | S6: 10 億以下 | T6: apache-2.0 | U6: 寬鬆授權 | V6: safetensors | W6: 原始開發組織 | X6: 未標示中文 | AA6: token-classification | AB6: 作者標示 | AD6: https://huggingface.co/fastino/gliner2-privacy-filter-PII-multi | AE6: 0.95 | AF6: 1 | AG6: 1 | AH6: 1 | AI6: 1 | AJ6: 0.564 | AK6: 1 | AL6: 0 | AM6: =COUNTIFS($D$2:$D$2501,D6,$G$2:$G$2501,">"&G6)+COUNTIFS($D$2:D6,D6,$G$2:G6,G6) -> 3 | AN6: =D6&"|"&AM6 -> 個資偵測與去識別化|3
A7: =RANK(G7,$G$2:$G$2501)+COUNTIF($G$2:G7,G7)-1 -> 6 | B7: cisco-ai/SecureBERT2.0-biencoder | C7: cisco-ai | D7: 威脅情資與資安語言 | E7: 以資安語料訓練, 適合情資檢索與實體擷取 | F7: 威脅情資與資安語言 | G7: =ROUND(SUM(I7:P7),3) -> 88.632 | H7: =IF(G7>=評分方法!$C$16,"優先評估",IF(G7>=評分方法!$C$17,"列入候選",IF(G7>=評分方法!$C$18,"特定情境","不建議"))) -> 優先評估 | I7: =AE7*評分方法!$C$5 -> 27 | J7: =AF7*評分方法!$C$6 -> 10 | K7: =AG7*評分方法!$C$7 -> 15 | L7: =AH7*評分方法!$C$8 -> 15 | M7: =AI7*評分方法!$C$9 -> 10 | N7: =AJ7*評分方法!$C$10 -> 6.632 | O7: =AK7*評分方法!$C$11 -> 5 | P7: =AL7*評分方法!$C$12 -> 0 | Q7: 786528 | R7: 149014272 | S7: 10 億以下 | T7: apache-2.0 | U7: 寬鬆授權 | V7: safetensors | W7: 原始開發組織 | X7: 未標示中文 | Y7: cisco-ai/SecureBERT2.0-base | Z7: finetune | AA7: sentence-similarity | AB7: 作者標示 | AD7: https://huggingface.co/cisco-ai/SecureBERT2.0-biencoder | AE7: 0.9 | AF7: 1 | AG7: 1 | AH7: 1 | AI7: 1 | AJ7: 0.6632 | AK7: 1 | AL7: 0 | AM7: =COUNTIFS($D$2:$D$2501,D7,$G$2:$G$2501,">"&G7)+COUNTIFS($D$2:D7,D7,$G$2:G7,G7) -> 1 | AN7: =D7&"|"&AM7 -> 威脅情資與資安語言|1
A8: =RANK(G8,$G$2:$G$2501)+COUNTIF($G$2:G8,G8)-1 -> 7 | B8: protectai/deberta-v3-base-prompt-injection | C8: protectai | D8: AI 應用防護 | E8: AI 應用的提示注入、越獄與有害內容偵測 | F8: AI 應用防護 | G8: =ROUND(SUM(I8:P8),3) -> 88.328 | H8: =IF(G8>=評分方法!$C$16,"優先評估",IF(G8>=評分方法!$C$17,"列入候選",IF(G8>=評分方法!$C$18,"特定情境","不建議"))) -> 優先評估 | I8: =AE8*評分方法!$C$5 -> 30 | J8: =AF8*評分方法!$C$6 -> 10 | K8: =AG8*評分方法!$C$7 -> 15 | L8: =AH8*評分方法!$C$8 -> 15 | M8: =AI8*評分方法!$C$9 -> 10 | N8: =AJ8*評分方法!$C$10 -> 3.328 | O8: =AK8*評分方法!$C$11 -> 5 | P8: =AL8*評分方法!$C$12 -> 0 | Q8: 330365 | R8: 184423682 | S8: 10 億以下 | T8: apache-2.0 | U8: 寬鬆授權 | V8: safetensors;onnx | W8: 原始開發組織 | X8: 未標示中文 | Y8: microsoft/deberta-v3-base | Z8: quantized | AA8: text-classification | AB8: 作者標示 | AC8: 量化版本 | AD8: https://huggingface.co/protectai/deberta-v3-base-prompt-injection | AE8: 1 | AF8: 1 | AG8: 1 | AH8: 1 | AI8: 1 | AJ8: 0.3328 | AK8: 1 | AL8: 0 | AM8: =COUNTIFS($D$2:$D$2501,D8,$G$2:$G$2501,">"&G8)+COUNTIFS($D$2:D8,D8,$G$2:G8,G8) -> 3 | AN8: =D8&"|"&AM8 -> AI 應用防護|3
A9: =RANK(G9,$G$2:$G$2501)+COUNTIF($G$2:G9,G9)-1 -> 8 | B9: cisco-ai/SecureBERT2.0-cross_encoder | C9: cisco-ai | D9: 威脅情資與資安語言 | E9: 以資安語料訓練, 適合情資檢索與實體擷取 | F9: 威脅情資與資安語言 | G9: =ROUND(SUM(I9:P9),3) -> 87.304 | H9: =IF(G9>=評分方法!$C$16,"優先評估",IF(G9>=評分方法!$C$17,"列入候選",IF(G9>=評分方法!$C$18,"特定情境","不建議"))) -> 優先評估 | I9: =AE9*評分方法!$C$5 -> 27 | J9: =AF9*評分方法!$C$6 -> 10 | K9: =AG9*評分方法!$C$7 -> 15 | L9: =AH9*評分方法!$C$8 -> 15 | M9: =AI9*評分方法!$C$9 -> 10 | N9: =AJ9*評分方法!$C$10 -> 6.304 | O9: =AK9*評分方法!$C$11 -> 4 | P9: =AL9*評分方法!$C$12 -> 0 | Q9: 696971 | R9: 149605633 | S9: 10 億以下 | T9: apache-2.0 | U9: 寬鬆授權 | V9: safetensors | W9: 原始開發組織 | X9: 未標示中文 | Y9: cisco-ai/SecureBERT2.0-base | Z9: finetune | AA9: sentence-similarity | AB9: 作者標示 | AD9: https://huggingface.co/cisco-ai/SecureBERT2.0-cross_encoder | AE9: 0.9 | AF9: 1 | AG9: 1 | AH9: 1 | AI9: 1 | AJ9: 0.6304 | AK9: 0.8 | AL9: 0 | AM9: =COUNTIFS($D$2:$D$2501,D9,$G$2:$G$2501,">"&G9)+COUNTIFS($D$2:D9,D9,$G$2:G9,G9) -> 2 | AN9: =D9&"|"&AM9 -> 威脅情資與資安語言|2
A10: =RANK(G10,$G$2:$G$2501)+COUNTIF($G$2:G10,G10)-1 -> 9 | B10: openai-community/roberta-base-openai-detector | C10: openai-community | D10: 深偽與生成內容偵測 | E10: 偵測 AI 生成的圖片或文字, 輔助詐騙與社交工程防範 | F10: 深偽與生成內容偵測 | G10: =ROUND(SUM(I10:P10),3) -> 86.384 | H10: =IF(G10>=評分方法!$C$16,"優先評估",IF(G10>=評分方法!$C$17,"列入候選",IF(G10>=評分方法!$C$18,"特定情境","不建議"))) -> 優先評估 | I10: =AE10*評分方法!$C$5 -> 30 | J10: =AF10*評分方法!$C$6 -> 7 | K10: =AG10*評分方法!$C$7 -> 15 | L10: =AH10*評分方法!$C$8 -> 15 | M10: =AI10*評分方法!$C$9 -> 10 | N10: =AJ10*評分方法!$C$10 -> 8.384 | O10: =AK10*評分方法!$C$11 -> 1 | P10: =AL10*評分方法!$C$12 -> 0 | Q10: 2038974 | R10: 125237762 | S10: 10 億以下 | T10: mit | U10: 寬鬆授權 | V10: safetensors;pytorch;tensorflow;flax | W10: 原始開發組織 | X10: 未標示中文 | AA10: text-classification | AB10: 作者標示 | AD10: https://huggingface.co/openai-community/roberta-base-openai-detector | AE10: 1 | AF10: 0.7 | AG10: 1 | AH10: 1 | AI10: 1 | AJ10: 0.8384 | AK10: 0.2 | AL10: 0 | AM10: =COUNTIFS($D$2:$D$2501,D10,$G$2:$G$2501,">"&G10)+COUNTIFS($D$2:D10,D10,$G$2:G10,G10) -> 1 | AN10: =D10&"|"&AM10 -> 深偽與生成內容偵測|1
A11: =RANK(G11,$G$2:$G$2501)+COUNTIF($G$2:G11,G11)-1 -> 10 | B11: sentence-transformers/paraphrase-multilingual-MiniLM-L12-v2 | C11: sentence-transformers | D11: 檢索與情資關聯 | E11: 威脅情資語意搜尋、相似告警比對、事件知識庫 RAG | G11: =ROUND(SUM(I11:P11),3) -> 85.988 | H11: =IF(G11>=評分方法!$C$16,"優先評估",IF(G11>=評分方法!$C$17,"列入候選",IF(G11>=評分方法!$C$18,"特定情境","不建議"))) -> 優先評估 | I11: =AE11*評分方法!$C$5 -> 27 | J11: =AF11*評分方法!$C$6 -> 0 | K11: =AG11*評分方法!$C$7 -> 15 | L11: =AH11*評分方法!$C$8 -> 15 | M11: =AI11*評分方法!$C$9 -> 10 | N11: =AJ11*評分方法!$C$10 -> 9.988 | O11: =AK11*評分方法!$C$11 -> 4 | P11: =AL11*評分方法!$C$12 -> 5 | Q11: 307740420 | R11: 117654272 | S11: 10 億以下 | T11: apache-2.0 | U11: 寬鬆授權 | V11: safetensors;pytorch;onnx;tensorflow | W11: 原始開發組織 | X11: 標示支援 | AA11: sentence-similarity | AB11: 作者標示 | AD11: https://huggingface.co/sentence-transformers/paraphrase-multilingual-MiniLM-L12-v2 | AE11: 0.9 | AF11: 0 | AG11: 1 | AH11: 1 | AI11: 1 | AJ11: 0.9988 | AK11: 0.8 | AL11: 1 | AM11: =COUNTIFS($D$2:$D$2501,D11,$G$2:$G$2501,">"&G11)+COUNTIFS($D$2:D11,D11,$G$2:G11,G11) -> 1 | AN11: =D11&"|"&AM11 -> 檢索與情資關聯|1
A12: =RANK(G12,$G$2:$G$2501)+COUNTIF($G$2:G12,G12)-1 -> 11 | B12: intfloat/multilingual-e5-small | C12: intfloat | D12: 檢索與情資關聯 | E12: 威脅情資語意搜尋、相似告警比對、事件知識庫 RAG | G12: =ROUND(SUM(I12:P12),3) -> 85.952 | H12: =IF(G12>=評分方法!$C$16,"優先評估",IF(G12>=評分方法!$C$17,"列入候選",IF(G12>=評分方法!$C$18,"特定情境","不建議"))) -> 優先評估 | I12: =AE12*評分方法!$C$5 -> 27 | J12: =AF12*評分方法!$C$6 -> 0 | K12: =AG12*評分方法!$C$7 -> 15 | L12: =AH12*評分方法!$C$8 -> 15 | M12: =AI12*評分方法!$C$9 -> 10 | N12: =AJ12*評分方法!$C$10 -> 9.952 | O12: =AK12*評分方法!$C$11 -> 4 | P12: =AL12*評分方法!$C$12 -> 5 | Q12: 71482081 | R12: 117654272 | S12: 10 億以下 | T12: mit | U12: 寬鬆授權 | V12: safetensors;pytorch;onnx | W12: 原始開發組織 | X12: 標示支援 | AA12: sentence-similarity | AB12: 作者標示 | AD12: https://huggingface.co/intfloat/multilingual-e5-small | AE12: 0.9 | AF12: 0 | AG12: 1 | AH12: 1 | AI12: 1 | AJ12: 0.9952 | AK12: 0.8 | AL12: 1 | AM12: =COUNTIFS($D$2:$D$2501,D12,$G$2:$G$2501,">"&G12)+COUNTIFS($D$2:D12,D12,$G$2:G12,G12) -> 2 | AN12: =D12&"|"&AM12 -> 檢索與情資關聯|2
A13: =RANK(G13,$G$2:$G$2501)+COUNTIF($G$2:G13,G13)-1 -> 12 | B13: intfloat/multilingual-e5-large | C13: intfloat | D13: 檢索與情資關聯 | E13: 威脅情資語意搜尋、相似告警比對、事件知識庫 RAG | G13: =ROUND(SUM(I13:P13),3) -> 85.912 | H13: =IF(G13>=評分方法!$C$16,"優先評估",IF(G13>=評分方法!$C$17,"列入候選",IF(G13>=評分方法!$C$18,"特定情境","不建議"))) -> 優先評估 | I13: =AE13*評分方法!$C$5 -> 27 | J13: =AF13*評分方法!$C$6 -> 0 | K13: =AG13*評分方法!$C$7 -> 15 | L13: =AH13*評分方法!$C$8 -> 15 | M13: =AI13*評分方法!$C$9 -> 10 | N13: =AJ13*評分方法!$C$10 -> 9.912 | O13: =AK13*評分方法!$C$11 -> 4 | P13: =AL13*評分方法!$C$12 -> 5 | Q13: 50955167 | R13: 559890946 | S13: 10 億以下 | T13: mit | U13: 寬鬆授權 | V13: safetensors;pytorch;onnx | W13: 原始開發組織 | X13: 標示支援 | AA13: feature-extraction | AB13: 作者標示 | AD13: https://huggingface.co/intfloat/multilingual-e5-large | AE13: 0.9 | AF13: 0 | AG13: 1 | AH13: 1 | AI13: 1 | AJ13: 0.9912 | AK13: 0.8 | AL13: 1 | AM13: =COUNTIFS($D$2:$D$2501,D13,$G$2:$G$2501,">"&G13)+COUNTIFS($D$2:D13,D13,$G$2:G13,G13) -> 3 | AN13: =D13&"|"&AM13 -> 檢索與情資關聯|3
A14: =RANK(G14,$G$2:$G$2501)+COUNTIF($G$2:G14,G14)-1 -> 13 | B14: intfloat/multilingual-e5-base | C14: intfloat | D14: 檢索與情資關聯 | E14: 威脅情資語意搜尋、相似告警比對、事件知識庫 RAG | G14: =ROUND(SUM(I14:P14),3) -> 85.884 | H14: =IF(G14>=評分方法!$C$16,"優先評估",IF(G14>=評分方法!$C$17,"列入候選",IF(G14>=評分方法!$C$18,"特定情境","不建議"))) -> 優先評估 | I14: =AE14*評分方法!$C$5 -> 27 | J14: =AF14*評分方法!$C$6 -> 0 | K14: =AG14*評分方法!$C$7 -> 15 | L14: =AH14*評分方法!$C$8 -> 15 | M14: =AI14*評分方法!$C$9 -> 10 | N14: =AJ14*評分方法!$C$10 -> 9.884 | O14: =AK14*評分方法!$C$11 -> 4 | P14: =AL14*評分方法!$C$12 -> 5 | Q14: 41221524 | R14: 278044162 | S14: 10 億以下 | T14: mit | U14: 寬鬆授權 | V14: safetensors;pytorch;onnx | W14: 原始開發組織 | X14: 標示支援 | AA14: sentence-similarity | AB14: 作者標示 | AD14: https://huggingface.co/intfloat/multilingual-e5-base | AE14: 0.9 | AF14: 0 | AG14: 1 | AH14: 1 | AI14: 1 | AJ14: 0.9884 | AK14: 0.8 | AL14: 1 | AM14: =COUNTIFS($D$2:$D$2501,D14,$G$2:$G$2501,">"&G14)+COUNTIFS($D$2:D14,D14,$G$2:G14,G14) -> 4 | AN14: =D14&"|"&AM14 -> 檢索與情資關聯|4
A15: =RANK(G15,$G$2:$G$2501)+COUNTIF($G$2:G15,G15)-1 -> 14 | B15: meta-llama/Llama-Prompt-Guard-2-86M | C15: meta-llama | D15: AI 應用防護 | E15: AI 應用的提示注入、越獄與有害內容偵測 | F15: AI 應用防護 | G15: =ROUND(SUM(I15:P15),3) -> 84.908 | H15: =IF(G15>=評分方法!$C$16,"優先評估",IF(G15>=評分方法!$C$17,"列入候選",IF(G15>=評分方法!$C$18,"特定情境","不建議"))) -> 優先評估 | I15: =AE15*評分方法!$C$5 -> 30 | J15: =AF15*評分方法!$C$6 -> 10 | K15: =AG15*評分方法!$C$7 -> 15 | L15: =AH15*評分方法!$C$8 -> 15 | M15: =AI15*評分方法!$C$9 -> 6 | N15: =AJ15*評分方法!$C$10 -> 6.408 | O15: =AK15*評分方法!$C$11 -> 2.5 | P15: =AL15*評分方法!$C$12 -> 0 | Q15: 726773 | R15: 278810882 | S15: 10 億以下 | T15: other | U15: 自訂授權, 需法務審查 | V15: safetensors | W15: 原始開發組織 | X15: 未標示中文 | AA15: text-classification | AB15: 作者標示 | AC15: 授權需確認 | AD15: https://huggingface.co/meta-llama/Llama-Prompt-Guard-2-86M | AE15: 1 | AF15: 1 | AG15: 1 | AH15: 1 | AI15: 0.6 | AJ15: 0.6408 | AK15: 0.5 | AL15: 0 | AM15: =COUNTIFS($D$2:$D$2501,D15,$G$2:$G$2501,">"&G15)+COUNTIFS($D$2:D15,D15,$G$2:G15,G15) -> 4 | AN15: =D15&"|"&AM15 -> AI 應用防護|4
A16: =RANK(G16,$G$2:$G$2501)+COUNTIF($G$2:G16,G16)-1 -> 15 | B16: sentence-transformers/paraphrase-multilingual-mpnet-base-v2 | C16: sentence-transformers | D16: 檢索與情資關聯 | E16: 威脅情資語意搜尋、相似告警比對、事件知識庫 RAG | G16: =ROUND(SUM(I16:P16),3) -> 84.42 | H16: =IF(G16>=評分方法!$C$16,"優先評估",IF(G16>=評分方法!$C$17,"列入候選",IF(G16>=評分方法!$C$18,"特定情境","不建議"))) -> 優先評估 | I16: =AE16*評分方法!$C$5 -> 27 | J16: =AF16*評分方法!$C$6 -> 0 | K16: =AG16*評分方法!$C$7 -> 15 | L16: =AH16*評分方法!$C$8 -> 15 | M16: =AI16*評分方法!$C$9 -> 10 | N16: =AJ16*評分方法!$C$10 -> 9.92 | O16: =AK16*評分方法!$C$11 -> 2.5 | P16: =AL16*評分方法!$C$12 -> 5 | Q16: 58178404 | R16: 278044162 | S16: 10 億以下 | T16: apache-2.0 | U16: 寬鬆授權 | V16: safetensors;pytorch;onnx;tensorflow | W16: 原始開發組織 | X16: 標示支援 | AA16: sentence-similarity | AB16: 作者標示 | AD16: https://huggingface.co/sentence-transformers/paraphrase-multilingual-mpnet-base-v2 | AE16: 0.9 | AF16: 0 | AG16: 1 | AH16: 1 | AI16: 1 | AJ16: 0.992 | AK16: 0.5 | AL16: 1 | AM16: =COUNTIFS($D$2:$D$2501,D16,$G$2:$G$2501,">"&G16)+COUNTIFS($D$2:D16,D16,$G$2:G16,G16) -> 5 | AN16: =D16&"|"&AM16 -> 檢索與情資關聯|5
A17: =RANK(G17,$G$2:$G$2501)+COUNTIF($G$2:G17,G17)-1 -> 16 | B17: ibm-granite/granite-embedding-97m-multilingual-r2 | C17: ibm-granite | D17: 檢索與情資關聯 | E17: 威脅情資語意搜尋、相似告警比對、事件知識庫 RAG | G17: =ROUND(SUM(I17:P17),3) -> 84.172 | H17: =IF(G17>=評分方法!$C$16,"優先評估",IF(G17>=評分方法!$C$17,"列入候選",IF(G17>=評分方法!$C$18,"特定情境","不建議"))) -> 優先評估 | I17: =AE17*評分方法!$C$5 -> 27 | J17: =AF17*評分方法!$C$6 -> 0 | K17: =AG17*評分方法!$C$7 -> 15 | L17: =AH17*評分方法!$C$8 -> 15 | M17: =AI17*評分方法!$C$9 -> 10 | N17: =AJ17*評分方法!$C$10 -> 7.172 | O17: =AK17*評分方法!$C$11 -> 5 | P17: =AL17*評分方法!$C$12 -> 5 | Q17: 985430 | R17: 97441152 | S17: 10 億以下 | T17: apache-2.0 | U17: 寬鬆授權 | V17: safetensors;pytorch;onnx | W17: 原始開發組織 | X17: 標示支援 | AA17: feature-extraction | AB17: 作者標示 | AD17: https://huggingface.co/ibm-granite/granite-embedding-97m-multilingual-r2 | AE17: 0.9 | AF17: 0 | AG17: 1 | AH17: 1 | AI17: 1 | AJ17: 0.7172 | AK17: 1 | AL17: 1 | AM17: =COUNTIFS($D$2:$D$2501,D17,$G$2:$G$2501,">"&G17)+COUNTIFS($D$2:D17,D17,$G$2:G17,G17) -> 6 | AN17: =D17&"|"&AM17 -> 檢索與情資關聯|6
A18: =RANK(G18,$G$2:$G$2501)+COUNTIF($G$2:G18,G18)-1 -> 17 | B18: cross-encoder/mmarco-mMiniLMv2-L12-H384-v1 | C18: cross-encoder | D18: 檢索與情資關聯 | E18: 威脅情資語意搜尋、相似告警比對、事件知識庫 RAG | G18: =ROUND(SUM(I18:P18),3) -> 84.148 | H18: =IF(G18>=評分方法!$C$16,"優先評估",IF(G18>=評分方法!$C$17,"列入候選",IF(G18>=評分方法!$C$18,"特定情境","不建議"))) -> 優先評估 | I18: =AE18*評分方法!$C$5 -> 27 | J18: =AF18*評分方法!$C$6 -> 0 | K18: =AG18*評分方法!$C$7 -> 15 | L18: =AH18*評分方法!$C$8 -> 15 | M18: =AI18*評分方法!$C$9 -> 10 | N18: =AJ18*評分方法!$C$10 -> 9.648 | O18: =AK18*評分方法!$C$11 -> 2.5 | P18: =AL18*評分方法!$C$12 -> 5 | Q18: 11870990 | R18: 117641603 | S18: 10 億以下 | T18: apache-2.0 | U18: 寬鬆授權 | V18: safetensors;pytorch;onnx | W18: 原始開發組織 | X18: 標示支援 | Y18: nreimers/mMiniLMv2-L12-H384-distilled-from-XLMR-Large | Z18: quantized | AA18: text-ranking | AB18: 作者標示 | AC18: 量化版本 | AD18: https://huggingface.co/cross-encoder/mmarco-mMiniLMv2-L12-H384-v1 | AE18: 0.9 | AF18: 0 | AG18: 1 | AH18: 1 | AI18: 1 | AJ18: 0.9648 | AK18: 0.5 | AL18: 1 | AM18: =COUNTIFS($D$2:$D$2501,D18,$G$2:$G$2501,">"&G18)+COUNTIFS($D$2:D18,D18,$G$2:G18,G18) -> 7 | AN18: =D18&"|"&AM18 -> 檢索與情資關聯|7
A19: =RANK(G19,$G$2:$G$2501)+COUNTIF($G$2:G19,G19)-1 -> 18 | B19: intfloat/multilingual-e5-large-instruct | C19: intfloat | D19: 檢索與情資關聯 | E19: 威脅情資語意搜尋、相似告警比對、事件知識庫 RAG | G19: =ROUND(SUM(I19:P19),3) -> 84.132 | H19: =IF(G19>=評分方法!$C$16,"優先評估",IF(G19>=評分方法!$C$17,"列入候選",IF(G19>=評分方法!$C$18,"特定情境","不建議"))) -> 優先評估 | I19: =AE19*評分方法!$C$5 -> 27 | J19: =AF19*評分方法!$C$6 -> 0 | K19: =AG19*評分方法!$C$7 -> 15 | L19: =AH19*評分方法!$C$8 -> 15 | M19: =AI19*評分方法!$C$9 -> 10 | N19: =AJ19*評分方法!$C$10 -> 9.632 | O19: =AK19*評分方法!$C$11 -> 2.5 | P19: =AL19*評分方法!$C$12 -> 5 | Q19: 11123160 | R19: 559890432 | S19: 10 億以下 | T19: mit | U19: 寬鬆授權 | V19: safetensors;onnx | W19: 原始開發組織 | X19: 標示支援 | AA19: feature-extraction | AB19: 作者標示 | AD19: https://huggingface.co/intfloat/multilingual-e5-large-instruct | AE19: 0.9 | AF19: 0 | AG19: 1 | AH19: 1 | AI19: 1 | AJ19: 0.9632 | AK19: 0.5 | AL19: 1 | AM19: =COUNTIFS($D$2:$D$2501,D19,$G$2:$G$2501,">"&G19)+COUNTIFS($D$2:D19,D19,$G$2:G19,G19) -> 8 | AN19: =D19&"|"&AM19 -> 檢索與情資關聯|8
A20: =RANK(G20,$G$2:$G$2501)+COUNTIF($G$2:G20,G20)-1 -> 19 | B20: microsoft/harrier-oss-v1-270m | C20: microsoft | D20: 檢索與情資關聯 | E20: 威脅情資語意搜尋、相似告警比對、事件知識庫 RAG | G20: =ROUND(SUM(I20:P20),3) -> 84.12 | H20: =IF(G20>=評分方法!$C$16,"優先評估",IF(G20>=評分方法!$C$17,"列入候選",IF(G20>=評分方法!$C$18,"特定情境","不建議"))) -> 優先評估 | I20: =AE20*評分方法!$C$5 -> 27 | J20: =AF20*評分方法!$C$6 -> 0 | K20: =AG20*評分方法!$C$7 -> 15 | L20: =AH20*評分方法!$C$8 -> 15 | M20: =AI20*評分方法!$C$9 -> 10 | N20: =AJ20*評分方法!$C$10 -> 8.12 | O20: =AK20*評分方法!$C$11 -> 4 | P20: =AL20*評分方法!$C$12 -> 5 | Q20: 1729392 | R20: 268098176 | S20: 10 億以下 | T20: mit | U20: 寬鬆授權 | V20: safetensors | W20: 原始開發組織 | X20: 標示支援 | AA20: feature-extraction | AB20: 作者標示 | AD20: https://huggingface.co/microsoft/harrier-oss-v1-270m | AE20: 0.9 | AF20: 0 | AG20: 1 | AH20: 1 | AI20: 1 | AJ20: 0.812 | AK20: 0.8 | AL20: 1 | AM20: =COUNTIFS($D$2:$D$2501,D20,$G$2:$G$2501,">"&G20)+COUNTIFS($D$2:D20,D20,$G$2:G20,G20) -> 9 | AN20: =D20&"|"&AM20 -> 檢索與情資關聯|9
A21: =RANK(G21,$G$2:$G$2501)+COUNTIF($G$2:G21,G21)-1 -> 20 | B21: ibm-granite/granite-embedding-311m-multilingual-r2 | C21: ibm-granite | D21: 檢索與情資關聯 | E21: 威脅情資語意搜尋、相似告警比對、事件知識庫 RAG | G21: =ROUND(SUM(I21:P21),3) -> 84.028 | H21: =IF(G21>=評分方法!$C$16,"優先評估",IF(G21>=評分方法!$C$17,"列入候選",IF(G21>=評分方法!$C$18,"特定情境","不建議"))) -> 優先評估 | I21: =AE21*評分方法!$C$5 -> 27 | J21: =AF21*評分方法!$C$6 -> 0 | K21: =AG21*評分方法!$C$7 -> 15 | L21: =AH21*評分方法!$C$8 -> 15 | M21: =AI21*評分方法!$C$9 -> 10 | N21: =AJ21*評分方法!$C$10 -> 7.028 | O21: =AK21*評分方法!$C$11 -> 5 | P21: =AL21*評分方法!$C$12 -> 5 | Q21: 930953 | R21: 311664384 | S21: 10 億以下 | T21: apache-2.0 | U21: 寬鬆授權 | V21: safetensors;pytorch;onnx | W21: 原始開發組織 | X21: 標示支援 | AA21: feature-extraction | AB21: 作者標示 | AD21: https://huggingface.co/ibm-granite/granite-embedding-311m-multilingual-r2 | AE21: 0.9 | AF21: 0 | AG21: 1 | AH21: 1 | AI21: 1 | AJ21: 0.7028 | AK21: 1 | AL21: 1 | AM21: =COUNTIFS($D$2:$D$2501,D21,$G$2:$G$2501,">"&G21)+COUNTIFS($D$2:D21,D21,$G$2:G21,G21) -> 10 | AN21: =D21&"|"&AM21 -> 檢索與情資關聯|10
A22: =RANK(G22,$G$2:$G$2501)+COUNTIF($G$2:G22,G22)-1 -> 21 | B22: Snowflake/snowflake-arctic-embed-l-v2.0 | C22: Snowflake | D22: 檢索與情資關聯 | E22: 威脅情資語意搜尋、相似告警比對、事件知識庫 RAG | G22: =ROUND(SUM(I22:P22),3) -> 83.952 | H22: =IF(G22>=評分方法!$C$16,"優先評估",IF(G22>=評分方法!$C$17,"列入候選",IF(G22>=評分方法!$C$18,"特定情境","不建議"))) -> 優先評估 | I22: =AE22*評分方法!$C$5 -> 27 | J22: =AF22*評分方法!$C$6 -> 0 | K22: =AG22*評分方法!$C$7 -> 15 | L22: =AH22*評分方法!$C$8 -> 15 | M22: =AI22*評分方法!$C$9 -> 10 | N22: =AJ22*評分方法!$C$10 -> 9.452 | O22: =AK22*評分方法!$C$11 -> 2.5 | P22: =AL22*評分方法!$C$12 -> 5 | Q22: 8047966 | R22: 567754752 | S22: 10 億以下 | T22: apache-2.0 | U22: 寬鬆授權 | V22: safetensors;onnx | W22: 原始開發組織 | X22: 標示支援 | AA22: sentence-similarity | AB22: 作者標示 | AD22: https://huggingface.co/Snowflake/snowflake-arctic-embed-l-v2.0 | AE22: 0.9 | AF22: 0 | AG22: 1 | AH22: 1 | AI22: 1 | AJ22: 0.9452 | AK22: 0.5 | AL22: 1 | AM22: =COUNTIFS($D$2:$D$2501,D22,$G$2:$G$2501,">"&G22)+COUNTIFS($D$2:D22,D22,$G$2:G22,G22) -> 11 | AN22: =D22&"|"&AM22 -> 檢索與情資關聯|11
A23: =RANK(G23,$G$2:$G$2501)+COUNTIF($G$2:G23,G23)-1 -> 22 | B23: sentence-transformers/distiluse-base-multilingual-cased-v1 | C23: sentence-transformers | D23: 檢索與情資關聯 | E23: 威脅情資語意搜尋、相似告警比對、事件知識庫 RAG | G23: =ROUND(SUM(I23:P23),3) -> 83.908 | H23: =IF(G23>=評分方法!$C$16,"優先評估",IF(G23>=評分方法!$C$17,"列入候選",IF(G23>=評分方法!$C$18,"特定情境","不建議"))) -> 優先評估 | I23: =AE23*評分方法!$C$5 -> 27 | J23: =AF23*評分方法!$C$6 -> 0 | K23: =AG23*評分方法!$C$7 -> 15 | L23: =AH23*評分方法!$C$8 -> 15 | M23: =AI23*評分方法!$C$9 -> 10 | N23: =AJ23*評分方法!$C$10 -> 9.408 | O23: =AK23*評分方法!$C$11 -> 2.5 | P23: =AL23*評分方法!$C$12 -> 5 | Q23: 7375555 | R23: 134734080 | S23: 10 億以下 | T23: apache-2.0 | U23: 寬鬆授權 | V23: safetensors;pytorch;onnx;tensorflow | W23: 原始開發組織 | X23: 標示支援 | AA23: sentence-similarity | AB23: 作者標示 | AD23: https://huggingface.co/sentence-transformers/distiluse-base-multilingual-cased-v1 | AE23: 0.9 | AF23: 0 | AG23: 1 | AH23: 1 | AI23: 1 | AJ23: 0.9408 | AK23: 0.5 | AL23: 1 | AM23: =COUNTIFS($D$2:$D$2501,D23,$G$2:$G$2501,">"&G23)+COUNTIFS($D$2:D23,D23,$G$2:G23,G23) -> 12 | AN23: =D23&"|"&AM23 -> 檢索與情資關聯|12
A24: =RANK(G24,$G$2:$G$2501)+COUNTIF($G$2:G24,G24)-1 -> 23 | B24: sentence-transformers/distiluse-base-multilingual-cased-v2 | C24: sentence-transformers | D24: 檢索與情資關聯 | E24: 威脅情資語意搜尋、相似告警比對、事件知識庫 RAG | G24: =ROUND(SUM(I24:P24),3) -> 83.84 | H24: =IF(G24>=評分方法!$C$16,"優先評估",IF(G24>=評分方法!$C$17,"列入候選",IF(G24>=評分方法!$C$18,"特定情境","不建議"))) -> 優先評估 | I24: =AE24*評分方法!$C$5 -> 27 | J24: =AF24*評分方法!$C$6 -> 0 | K24: =AG24*評分方法!$C$7 -> 15 | L24: =AH24*評分方法!$C$8 -> 15 | M24: =AI24*評分方法!$C$9 -> 10 | N24: =AJ24*評分方法!$C$10 -> 9.34 | O24: =AK24*評分方法!$C$11 -> 2.5 | P24: =AL24*評分方法!$C$12 -> 5 | Q24: 6560606 | R24: 134734080 | S24: 10 億以下 | T24: apache-2.0 | U24: 寬鬆授權 | V24: safetensors;pytorch;onnx;tensorflow | W24: 原始開發組織 | X24: 標示支援 | AA24: sentence-similarity | AB24: 作者標示 | AD24: https://huggingface.co/sentence-transformers/distiluse-base-multilingual-cased-v2 | AE24: 0.9 | AF24: 0 | AG24: 1 | AH24: 1 | AI24: 1 | AJ24: 0.934 | AK24: 0.5 | AL24: 1 | AM24: =COUNTIFS($D$2:$D$2501,D24,$G$2:$G$2501,">"&G24)+COUNTIFS($D$2:D24,D24,$G$2:G24,G24) -> 13 | AN24: =D24&"|"&AM24 -> 檢索與情資關聯|13
A25: =RANK(G25,$G$2:$G$2501)+COUNTIF($G$2:G25,G25)-1 -> 24 | B25: sentence-transformers/LaBSE | C25: sentence-transformers | D25: 檢索與情資關聯 | E25: 威脅情資語意搜尋、相似告警比對、事件知識庫 RAG | G25: =ROUND(SUM(I25:P25),3) -> 83.7 | H25: =IF(G25>=評分方法!$C$16,"優先評估",IF(G25>=評分方法!$C$17,"列入候選",IF(G25>=評分方法!$C$18,"特定情境","不建議"))) -> 優先評估 | I25: =AE25*評分方法!$C$5 -> 27 | J25: =AF25*評分方法!$C$6 -> 0 | K25: =AG25*評分方法!$C$7 -> 15 | L25: =AH25*評分方法!$C$8 -> 15 | M25: =AI25*評分方法!$C$9 -> 10 | N25: =AJ25*評分方法!$C$10 -> 9.2 | O25: =AK25*評分方法!$C$11 -> 2.5 | P25: =AL25*評分方法!$C$12 -> 5 | Q25: 5106553 | R25: 470927360 | S25: 10 億以下 | T25: apache-2.0 | U25: 寬鬆授權 | V25: safetensors;pytorch;onnx;tensorflow;flax | W25: 原始開發組織 | X25: 標示支援 | AA25: sentence-similarity | AB25: 作者標示 | AD25: https://huggingface.co/sentence-transformers/LaBSE | AE25: 0.9 | AF25: 0 | AG25: 1 | AH25: 1 | AI25: 1 | AJ25: 0.92 | AK25: 0.5 | AL25: 1 | AM25: =COUNTIFS($D$2:$D$2501,D25,$G$2:$G$2501,">"&G25)+COUNTIFS($D$2:D25,D25,$G$2:G25,G25) -> 14 | AN25: =D25&"|"&AM25 -> 檢索與情資關聯|14
A26: =RANK(G26,$G$2:$G$2501)+COUNTIF($G$2:G26,G26)-1 -> 25 | B26: allenai/wildguard | C26: allenai | D26: AI 應用防護 | E26: AI 應用的提示注入、越獄與有害內容偵測 | F26: AI 應用防護 | G26: =ROUND(SUM(I26:P26),3) -> 83.138 | H26: =IF(G26>=評分方法!$C$16,"優先評估",IF(G26>=評分方法!$C$17,"列入候選",IF(G26>=評分方法!$C$18,"特定情境","不建議"))) -> 優先評估 | I26: =AE26*評分方法!$C$5 -> 25.5 | J26: =AF26*評分方法!$C$6 -> 10 | K26: =AG26*評分方法!$C$7 -> 15 | L26: =AH26*評分方法!$C$8 -> 13.05 | M26: =AI26*評分方法!$C$9 -> 10 | N26: =AJ26*評分方法!$C$10 -> 7.088 | O26: =AK26*評分方法!$C$11 -> 2.5 | P26: =AL26*評分方法!$C$12 -> 0 | Q26: 954952 | R26: 7248031744 | S26: 10 億至 100 億 | T26: apache-2.0 | U26: 寬鬆授權 | V26: safetensors;pytorch | W26: 原始開發組織 | X26: 未標示中文 | AA26: text-generation | AB26: 作者標示 | AD26: https://huggingface.co/allenai/wildguard | AE26: 0.85 | AF26: 1 | AG26: 1 | AH26: 0.87 | AI26: 1 | AJ26: 0.7088 | AK26: 0.5 | AL26: 0 | AM26: =COUNTIFS($D$2:$D$2501,D26,$G$2:$G$2501,">"&G26)+COUNTIFS($D$2:D26,D26,$G$2:G26,G26) -> 5 | AN26: =D26&"|"&AM26 -> AI 應用防護|5
A27: =RANK(G27,$G$2:$G$2501)+COUNTIF($G$2:G27,G27)-1 -> 26 | B27: nvidia/Nemotron-3.5-Content-Safety | C27: nvidia | D27: AI 應用防護 | E27: AI 應用的提示注入、越獄與有害內容偵測 | F27: AI 應用防護 | G27: =ROUND(SUM(I27:P27),3) -> 83.09 | H27: =IF(G27>=評分方法!$C$16,"優先評估",IF(G27>=評分方法!$C$17,"列入候選",IF(G27>=評分方法!$C$18,"特定情境","不建議"))) -> 優先評估 | I27: =AE27*評分方法!$C$5 -> 25.5 | J27: =AF27*評分方法!$C$6 -> 10 | K27: =AG27*評分方法!$C$7 -> 15 | L27: =AH27*評分方法!$C$8 -> 13.05 | M27: =AI27*評分方法!$C$9 -> 6 | N27: =AJ27*評分方法!$C$10 -> 3.54 | O27: =AK27*評分方法!$C$11 -> 5 | P27: =AL27*評分方法!$C$12 -> 5 | Q27: 354945 | R27: 4300079472 | S27: 10 億至 100 億 | T27: other | U27: 自訂授權, 需法務審查 | V27: safetensors | W27: 原始開發組織 | X27: 標示支援 | AA27: text-generation | AB27: 依模型架構推定 | AC27: 任務類型依模型架構推定; 授權需確認 | AD27: https://huggingface.co/nvidia/Nemotron-3.5-Content-Safety | AE27: 0.85 | AF27: 1 | AG27: 1 | AH27: 0.87 | AI27: 0.6 | AJ27: 0.354 | AK27: 1 | AL27: 1 | AM27: =COUNTIFS($D$2:$D$2501,D27,$G$2:$G$2501,">"&G27)+COUNTIFS($D$2:D27,D27,$G$2:G27,G27) -> 6 | AN27: =D27&"|"&AM27 -> AI 應用防護|6
A28: =RANK(G28,$G$2:$G$2501)+COUNTIF($G$2:G28,G28)-1 -> 27 | B28: LocalAI-io/privacy-filter-multilingual-GGUF | C28: LocalAI-io | D28: 個資偵測與去識別化 | E28: 個資偵測與遮蔽 | F28: 個資偵測與去識別化 | G28: =ROUND(SUM(I28:P28),3) -> 82.676 | H28: =IF(G28>=評分方法!$C$16,"優先評估",IF(G28>=評分方法!$C$17,"列入候選",IF(G28>=評分方法!$C$18,"特定情境","不建議"))) -> 優先評估 | I28: =AE28*評分方法!$C$5 -> 28.5 | J28: =AF28*評分方法!$C$6 -> 10 | K28: =AG28*評分方法!$C$7 -> 4.95 | L28: =AH28*評分方法!$C$8 -> 13.05 | M28: =AI28*評分方法!$C$9 -> 10 | N28: =AJ28*評分方法!$C$10 -> 6.176 | O28: =AK28*評分方法!$C$11 -> 5 | P28: =AL28*評分方法!$C$12 -> 5 | Q28: 661379 | R28: 1399604809 | S28: 10 億至 100 億 | T28: apache-2.0 | U28: 寬鬆授權 | V28: gguf | W28: 其他帳號 | X28: 標示支援 | Y28: OpenMed/privacy-filter-multilingual | Z28: quantized | AA28: token-classification | AB28: 作者標示 | AC28: 量化版本 | AD28: https://huggingface.co/LocalAI-io/privacy-filter-multilingual-GGUF | AE28: 0.95 | AF28: 1 | AG28: 0.33 | AH28: 0.87 | AI28: 1 | AJ28: 0.6176 | AK28: 1 | AL28: 1 | AM28: =COUNTIFS($D$2:$D$2501,D28,$G$2:$G$2501,">"&G28)+COUNTIFS($D$2:D28,D28,$G$2:G28,G28) -> 4 | AN28: =D28&"|"&AM28 -> 個資偵測與去識別化|4
A29: =RANK(G29,$G$2:$G$2501)+COUNTIF($G$2:G29,G29)-1 -> 28 | B29: mistralai/Ministral-3-3B-Instruct-2512 | C29: mistralai | D29: 分析與報告生成 | E29: 告警分診摘要、ATT&CK 對映、事件報告初稿 (需人工確認) | G29: =ROUND(SUM(I29:P29),3) -> 82.322 | H29: =IF(G29>=評分方法!$C$16,"優先評估",IF(G29>=評分方法!$C$17,"列入候選",IF(G29>=評分方法!$C$18,"特定情境","不建議"))) -> 優先評估 | I29: =AE29*評分方法!$C$5 -> 25.5 | J29: =AF29*評分方法!$C$6 -> 0 | K29: =AG29*評分方法!$C$7 -> 15 | L29: =AH29*評分方法!$C$8 -> 13.05 | M29: =AI29*評分方法!$C$9 -> 10 | N29: =AJ29*評分方法!$C$10 -> 8.772 | O29: =AK29*評分方法!$C$11 -> 5 | P29: =AL29*評分方法!$C$12 -> 5 | Q29: 2978637 | R29: 3849090048 | S29: 10 億至 100 億 | T29: apache-2.0 | U29: 寬鬆授權 | V29: safetensors | W29: 原始開發組織 | X29: 標示支援 | Y29: mistralai/Ministral-3-3B-Base-2512 | Z29: quantized | AA29: text-generation | AB29: 依模型架構推定 | AC29: 任務類型依模型架構推定; 量化版本 | AD29: https://huggingface.co/mistralai/Ministral-3-3B-Instruct-2512 | AE29: 0.85 | AF29: 0 | AG29: 1 | AH29: 0.87 | AI29: 1 | AJ29: 0.8772 | AK29: 1 | AL29: 1 | AM29: =COUNTIFS($D$2:$D$2501,D29,$G$2:$G$2501,">"&G29)+COUNTIFS($D$2:D29,D29,$G$2:G29,G29) -> 1 | AN29: =D29&"|"&AM29 -> 分析與報告生成|1
A30: =RANK(G30,$G$2:$G$2501)+COUNTIF($G$2:G30,G30)-1 -> 29 | B30: fastino/gliner2.5-multi-v1 | C30: fastino | D30: 實體擷取與去識別化 | E30: 從報告擷取 IOC 與實體, log 與工單個資遮蔽 | G30: =ROUND(SUM(I30:P30),3) -> 82.32 | H30: =IF(G30>=評分方法!$C$16,"優先評估",IF(G30>=評分方法!$C$17,"列入候選",IF(G30>=評分方法!$C$18,"特定情境","不建議"))) -> 優先評估 | I30: =AE30*評分方法!$C$5 -> 28.5 | J30: =AF30*評分方法!$C$6 -> 0 | K30: =AG30*評分方法!$C$7 -> 15 | L30: =AH30*評分方法!$C$8 -> 15 | M30: =AI30*評分方法!$C$9 -> 10 | N30: =AJ30*評分方法!$C$10 -> 3.82 | O30: =AK30*評分方法!$C$11 -> 5 | P30: =AL30*評分方法!$C$12 -> 5 | Q30: 392554 | R30: 287355159 | S30: 10 億以下 | T30: apache-2.0 | U30: 寬鬆授權 | V30: safetensors | W30: 原始開發組織 | X30: 標示支援 | AA30: token-classification | AB30: 依名稱推定 | AC30: 任務類型依名稱推定 | AD30: https://huggingface.co/fastino/gliner2.5-multi-v1 | AE30: 0.95 | AF30: 0 | AG30: 1 | AH30: 1 | AI30: 1 | AJ30: 0.382 | AK30: 1 | AL30: 1 | AM30: =COUNTIFS($D$2:$D$2501,D30,$G$2:$G$2501,">"&G30)+COUNTIFS($D$2:D30,D30,$G$2:G30,G30) -> 1 | AN30: =D30&"|"&AM30 -> 實體擷取與去識別化|1
A31: =RANK(G31,$G$2:$G$2501)+COUNTIF($G$2:G31,G31)-1 -> 30 | B31: fastino/gliner2-base-v1 | C31: fastino | D31: 實體擷取與去識別化 | E31: 從報告擷取 IOC 與實體, log 與工單個資遮蔽 | G31: =ROUND(SUM(I31:P31),3) -> 82.284 | H31: =IF(G31>=評分方法!$C$16,"優先評估",IF(G31>=評分方法!$C$17,"列入候選",IF(G31>=評分方法!$C$18,"特定情境","不建議"))) -> 優先評估 | I31: =AE31*評分方法!$C$5 -> 28.5 | J31: =AF31*評分方法!$C$6 -> 0 | K31: =AG31*評分方法!$C$7 -> 15 | L31: =AH31*評分方法!$C$8 -> 15 | M31: =AI31*評分方法!$C$9 -> 10 | N31: =AJ31*評分方法!$C$10 -> 8.784 | O31: =AK31*評分方法!$C$11 -> 5 | P31: =AL31*評分方法!$C$12 -> 0 | Q31: 3031150 | R31: 208476821 | S31: 10 億以下 | T31: apache-2.0 | U31: 寬鬆授權 | V31: safetensors | W31: 原始開發組織 | X31: 未標示中文 | AA31: token-classification | AB31: 依名稱推定 | AC31: 任務類型依名稱推定 | AD31: https://huggingface.co/fastino/gliner2-base-v1 | AE31: 0.95 | AF31: 0 | AG31: 1 | AH31: 1 | AI31: 1 | AJ31: 0.8784 | AK31: 1 | AL31: 0 | AM31: =COUNTIFS($D$2:$D$2501,D31,$G$2:$G$2501,">"&G31)+COUNTIFS($D$2:D31,D31,$G$2:G31,G31) -> 2 | AN31: =D31&"|"&AM31 -> 實體擷取與去識別化|2
A32: =RANK(G32,$G$2:$G$2501)+COUNTIF($G$2:G32,G32)-1 -> 31 | B32: garak-llm/garak-refusal-detector | C32: garak-llm | D32: AI 紅隊評估 | E32: LLM 弱點掃描工具 garak 的偵測元件 | F32: AI 紅隊評估 | G32: =ROUND(SUM(I32:P32),3) -> 82.04 | H32: =IF(G32>=評分方法!$C$16,"優先評估",IF(G32>=評分方法!$C$17,"列入候選",IF(G32>=評分方法!$C$18,"特定情境","不建議"))) -> 優先評估 | I32: =AE32*評分方法!$C$5 -> 30 | J32: =AF32*評分方法!$C$6 -> 10 | K32: =AG32*評分方法!$C$7 -> 15 | L32: =AH32*評分方法!$C$8 -> 15 | M32: =AI32*評分方法!$C$9 -> 6 | N32: =AJ32*評分方法!$C$10 -> 2.04 | O32: =AK32*評分方法!$C$11 -> 4 | P32: =AL32*評分方法!$C$12 -> 0 | Q32: 213425 | R32: 149606402 | S32: 10 億以下 | T32: other | U32: 自訂授權, 需法務審查 | V32: safetensors | W32: 原始開發組織 | X32: 未標示中文 | Y32: answerdotai/ModernBERT-base | Z32: finetune | AA32: text-classification | AB32: 作者標示 | AC32: 授權需確認 | AD32: https://huggingface.co/garak-llm/garak-refusal-detector | AE32: 1 | AF32: 1 | AG32: 1 | AH32: 1 | AI32: 0.6 | AJ32: 0.204 | AK32: 0.8 | AL32: 0 | AM32: =COUNTIFS($D$2:$D$2501,D32,$G$2:$G$2501,">"&G32)+COUNTIFS($D$2:D32,D32,$G$2:G32,G32) -> 1 | AN32: =D32&"|"&AM32 -> AI 紅隊評估|1
A33: =RANK(G33,$G$2:$G$2501)+COUNTIF($G$2:G33,G33)-1 -> 32 | B33: sentence-transformers/all-MiniLM-L6-v2 | C33: sentence-transformers | D33: 檢索與情資關聯 | E33: 威脅情資語意搜尋、相似告警比對、事件知識庫 RAG | G33: =ROUND(SUM(I33:P33),3) -> 82 | H33: =IF(G33>=評分方法!$C$16,"優先評估",IF(G33>=評分方法!$C$17,"列入候選",IF(G33>=評分方法!$C$18,"特定情境","不建議"))) -> 優先評估 | I33: =AE33*評分方法!$C$5 -> 27 | J33: =AF33*評分方法!$C$6 -> 0 | K33: =AG33*評分方法!$C$7 -> 15 | L33: =AH33*評分方法!$C$8 -> 15 | M33: =AI33*評分方法!$C$9 -> 10 | N33: =AJ33*評分方法!$C$10 -> 10 | O33: =AK33*評分方法!$C$11 -> 5 | P33: =AL33*評分方法!$C$12 -> 0 | Q33: 1541997836 | R33: 22713728 | S33: 10 億以下 | T33: apache-2.0 | U33: 寬鬆授權 | V33: safetensors;pytorch;onnx;tensorflow | W33: 原始開發組織 | X33: 未標示中文 | Y33: nreimers/MiniLM-L6-H384-uncased | Z33: quantized | AA33: sentence-similarity | AB33: 作者標示 | AC33: 量化版本 | AD33: https://huggingface.co/sentence-transformers/all-MiniLM-L6-v2 | AE33: 0.9 | AF33: 0 | AG33: 1 | AH33: 1 | AI33: 1 | AJ33: 1 | AK33: 1 | AL33: 0 | AM33: =COUNTIFS($D$2:$D$2501,D33,$G$2:$G$2501,">"&G33)+COUNTIFS($D$2:D33,D33,$G$2:G33,G33) -> 15 | AN33: =D33&"|"&AM33 -> 檢索與情資關聯|15
A34: =RANK(G34,$G$2:$G$2501)+COUNTIF($G$2:G34,G34)-1 -> 33 | B34: cross-encoder/ms-marco-MiniLM-L6-v2 | C34: cross-encoder | D34: 檢索與情資關聯 | E34: 威脅情資語意搜尋、相似告警比對、事件知識庫 RAG | G34: =ROUND(SUM(I34:P34),3) -> 81.996 | H34: =IF(G34>=評分方法!$C$16,"優先評估",IF(G34>=評分方法!$C$17,"列入候選",IF(G34>=評分方法!$C$18,"特定情境","不建議"))) -> 優先評估 | I34: =AE34*評分方法!$C$5 -> 27 | J34: =AF34*評分方法!$C$6 -> 0 | K34: =AG34*評分方法!$C$7 -> 15 | L34: =AH34*評分方法!$C$8 -> 15 | M34: =AI34*評分方法!$C$9 -> 10 | N34: =AJ34*評分方法!$C$10 -> 9.996 | O34: =AK34*評分方法!$C$11 -> 5 | P34: =AL34*評分方法!$C$12 -> 0 | Q34: 503002254 | R34: 22714113 | S34: 10 億以下 | T34: apache-2.0 | U34: 寬鬆授權 | V34: safetensors;pytorch;onnx;flax | W34: 原始開發組織 | X34: 未標示中文 | Y34: cross-encoder/ms-marco-MiniLM-L12-v2 | Z34: quantized | AA34: text-ranking | AB34: 作者標示 | AC34: 量化版本 | AD34: https://huggingface.co/cross-encoder/ms-marco-MiniLM-L6-v2 | AE34: 0.9 | AF34: 0 | AG34: 1 | AH34: 1 | AI34: 1 | AJ34: 0.9996 | AK34: 1 | AL34: 0 | AM34: =COUNTIFS($D$2:$D$2501,D34,$G$2:$G$2501,">"&G34)+COUNTIFS($D$2:D34,D34,$G$2:G34,G34) -> 16 | AN34: =D34&"|"&AM34 -> 檢索與情資關聯|16
A35: =RANK(G35,$G$2:$G$2501)+COUNTIF($G$2:G35,G35)-1 -> 34 | B35: fastino/gliner2-large-v1 | C35: fastino | D35: 實體擷取與去識別化 | E35: 從報告擷取 IOC 與實體, log 與工單個資遮蔽 | G35: =ROUND(SUM(I35:P35),3) -> 81.788 | H35: =IF(G35>=評分方法!$C$16,"優先評估",IF(G35>=評分方法!$C$17,"列入候選",IF(G35>=評分方法!$C$18,"特定情境","不建議"))) -> 優先評估 | I35: =AE35*評分方法!$C$5 -> 28.5 | J35: =AF35*評分方法!$C$6 -> 0 | K35: =AG35*評分方法!$C$7 -> 15 | L35: =AH35*評分方法!$C$8 -> 15 | M35: =AI35*評分方法!$C$9 -> 10 | N35: =AJ35*評分方法!$C$10 -> 8.288 | O35: =AK35*評分方法!$C$11 -> 5 | P35: =AL35*評分方法!$C$12 -> 0 | Q35: 1925638 | R35: 486444053 | S35: 10 億以下 | T35: apache-2.0 | U35: 寬鬆授權 | V35: safetensors | W35: 原始開發組織 | X35: 未標示中文 | AA35: token-classification | AB35: 依名稱推定 | AC35: 任務類型依名稱推定 | AD35: https://huggingface.co/fastino/gliner2-large-v1 | AE35: 0.95 | AF35: 0 | AG35: 1 | AH35: 1 | AI35: 1 | AJ35: 0.8288 | AK35: 1 | AL35: 0 | AM35: =COUNTIFS($D$2:$D$2501,D35,$G$2:$G$2501,">"&G35)+COUNTIFS($D$2:D35,D35,$G$2:G35,G35) -> 3 | AN35: =D35&"|"&AM35 -> 實體擷取與去識別化|3
A36: =RANK(G36,$G$2:$G$2501)+COUNTIF($G$2:G36,G36)-1 -> 35 | B36: AungMoonLord/bert-log-anomaly-detection | C36: AungMoonLord | D36: 日誌異常偵測 | E36: 日誌序列異常分類 | F36: 日誌異常偵測 | G36: =ROUND(SUM(I36:P36),3) -> 81.654 | H36: =IF(G36>=評分方法!$C$16,"優先評估",IF(G36>=評分方法!$C$17,"列入候選",IF(G36>=評分方法!$C$18,"特定情境","不建議"))) -> 優先評估 | I36: =AE36*評分方法!$C$5 -> 30 | J36: =AF36*評分方法!$C$6 -> 10 | K36: =AG36*評分方法!$C$7 -> 4.95 | L36: =AH36*評分方法!$C$8 -> 15 | M36: =AI36*評分方法!$C$9 -> 10 | N36: =AJ36*評分方法!$C$10 -> 6.204 | O36: =AK36*評分方法!$C$11 -> 4 | P36: =AL36*評分方法!$C$12 -> 1.5 | Q36: 669544 | R36: 109483778 | S36: 10 億以下 | T36: apache-2.0 | U36: 寬鬆授權 | V36: safetensors | W36: 其他帳號 | X36: 未標示 | Y36: google-bert/bert-base-uncased | Z36: finetune | AA36: text-classification | AB36: 作者標示 | AD36: https://huggingface.co/AungMoonLord/bert-log-anomaly-detection | AE36: 1 | AF36: 1 | AG36: 0.33 | AH36: 1 | AI36: 1 | AJ36: 0.6204 | AK36: 0.8 | AL36: 0.3 | AM36: =COUNTIFS($D$2:$D$2501,D36,$G$2:$G$2501,">"&G36)+COUNTIFS($D$2:D36,D36,$G$2:G36,G36) -> 1 | AN36: =D36&"|"&AM36 -> 日誌異常偵測|1
A37: =RANK(G37,$G$2:$G$2501)+COUNTIF($G$2:G37,G37)-1 -> 36 | B37: sentence-transformers/clip-ViT-B-32-multilingual-v1 | C37: sentence-transformers | D37: 檢索與情資關聯 | E37: 威脅情資語意搜尋、相似告警比對、事件知識庫 RAG | G37: =ROUND(SUM(I37:P37),3) -> 81.58 | H37: =IF(G37>=評分方法!$C$16,"優先評估",IF(G37>=評分方法!$C$17,"列入候選",IF(G37>=評分方法!$C$18,"特定情境","不建議"))) -> 優先評估 | I37: =AE37*評分方法!$C$5 -> 27 | J37: =AF37*評分方法!$C$6 -> 0 | K37: =AG37*評分方法!$C$7 -> 15 | L37: =AH37*評分方法!$C$8 -> 15 | M37: =AI37*評分方法!$C$9 -> 10 | N37: =AJ37*評分方法!$C$10 -> 7.08 | O37: =AK37*評分方法!$C$11 -> 2.5 | P37: =AL37*評分方法!$C$12 -> 5 | Q37: 951107 | R37: 134734080 | S37: 10 億以下 | T37: apache-2.0 | U37: 寬鬆授權 | V37: safetensors;pytorch;onnx;tensorflow | W37: 原始開發組織 | X37: 標示支援 | AA37: sentence-similarity | AB37: 作者標示 | AD37: https://huggingface.co/sentence-transformers/clip-ViT-B-32-multilingual-v1 | AE37: 0.9 | AF37: 0 | AG37: 1 | AH37: 1 | AI37: 1 | AJ37: 0.708 | AK37: 0.5 | AL37: 1 | AM37: =COUNTIFS($D$2:$D$2501,D37,$G$2:$G$2501,">"&G37)+COUNTIFS($D$2:D37,D37,$G$2:G37,G37) -> 17 | AN37: =D37&"|"&AM37 -> 檢索與情資關聯|17
A38: =RANK(G38,$G$2:$G$2501)+COUNTIF($G$2:G38,G38)-1 -> 37 | B38: google/canine-c | C38: google | D38: 檢索與情資關聯 | E38: 威脅情資語意搜尋、相似告警比對、事件知識庫 RAG | G38: =ROUND(SUM(I38:P38),3) -> 81.28 | H38: =IF(G38>=評分方法!$C$16,"優先評估",IF(G38>=評分方法!$C$17,"列入候選",IF(G38>=評分方法!$C$18,"特定情境","不建議"))) -> 優先評估 | I38: =AE38*評分方法!$C$5 -> 27 | J38: =AF38*評分方法!$C$6 -> 0 | K38: =AG38*評分方法!$C$7 -> 15 | L38: =AH38*評分方法!$C$8 -> 15 | M38: =AI38*評分方法!$C$9 -> 10 | N38: =AJ38*評分方法!$C$10 -> 8.28 | O38: =AK38*評分方法!$C$11 -> 1 | P38: =AL38*評分方法!$C$12 -> 5 | Q38: 1923921 | R38: 132099328 | S38: 10 億以下 | T38: apache-2.0 | U38: 寬鬆授權 | V38: safetensors;pytorch | W38: 原始開發組織 | X38: 標示支援 | AA38: feature-extraction | AB38: 作者標示 | AD38: https://huggingface.co/google/canine-c | AE38: 0.9 | AF38: 0 | AG38: 1 | AH38: 1 | AI38: 1 | AJ38: 0.828 | AK38: 0.2 | AL38: 1 | AM38: =COUNTIFS($D$2:$D$2501,D38,$G$2:$G$2501,">"&G38)+COUNTIFS($D$2:D38,D38,$G$2:G38,G38) -> 18 | AN38: =D38&"|"&AM38 -> 檢索與情資關聯|18
A39: =RANK(G39,$G$2:$G$2501)+COUNTIF($G$2:G39,G39)-1 -> 38 | B39: google/gemma-4-31B-it-assistant | C39: google | D39: 分析與報告生成 | E39: 告警分診摘要、ATT&CK 對映、事件報告初稿 (需人工確認) | G39: =ROUND(SUM(I39:P39),3) -> 80.924 | H39: =IF(G39>=評分方法!$C$16,"優先評估",IF(G39>=評分方法!$C$17,"列入候選",IF(G39>=評分方法!$C$18,"特定情境","不建議"))) -> 優先評估 | I39: =AE39*評分方法!$C$5 -> 24 | J39: =AF39*評分方法!$C$6 -> 0 | K39: =AG39*評分方法!$C$7 -> 15 | L39: =AH39*評分方法!$C$8 -> 15 | M39: =AI39*評分方法!$C$9 -> 10 | N39: =AJ39*評分方法!$C$10 -> 8.924 | O39: =AK39*評分方法!$C$11 -> 5 | P39: =AL39*評分方法!$C$12 -> 3 | Q39: 3586594 | R39: 469518596 | S39: 10 億以下 | T39: apache-2.0 | U39: 寬鬆授權 | V39: safetensors | W39: 原始開發組織 | X39: 大型語言模型, 未標示語言 | AA39: any-to-any | AB39: 作者標示 | AD39: https://huggingface.co/google/gemma-4-31B-it-assistant | AE39: 0.8 | AF39: 0 | AG39: 1 | AH39: 1 | AI39: 1 | AJ39: 0.8924 | AK39: 1 | AL39: 0.6 | AM39: =COUNTIFS($D$2:$D$2501,D39,$G$2:$G$2501,">"&G39)+COUNTIFS($D$2:D39,D39,$G$2:G39,G39) -> 2 | AN39: =D39&"|"&AM39 -> 分析與報告生成|2
A40: =RANK(G40,$G$2:$G$2501)+COUNTIF($G$2:G40,G40)-1 -> 39 | B40: GuardrailsAI/prompt-saturation-attack-detector | C40: GuardrailsAI | D40: AI 應用防護 | E40: AI 應用的提示注入、越獄與有害內容偵測 | F40: AI 應用防護 | G40: =ROUND(SUM(I40:P40),3) -> 80.852 | H40: =IF(G40>=評分方法!$C$16,"優先評估",IF(G40>=評分方法!$C$17,"列入候選",IF(G40>=評分方法!$C$18,"特定情境","不建議"))) -> 優先評估 | I40: =AE40*評分方法!$C$5 -> 30 | J40: =AF40*評分方法!$C$6 -> 10 | K40: =AG40*評分方法!$C$7 -> 15 | L40: =AH40*評分方法!$C$8 -> 15 | M40: =AI40*評分方法!$C$9 -> 2 | N40: =AJ40*評分方法!$C$10 -> 6.352 | O40: =AK40*評分方法!$C$11 -> 2.5 | P40: =AL40*評分方法!$C$12 -> 0 | Q40: 709808 | R40: 4386178 | S40: 10 億以下 | U40: 未標示, 需人工確認 | V40: safetensors;pytorch | W40: 原始開發組織 | X40: 未標示中文 | Y40: google-bert/bert-base-uncased | Z40: finetune | AA40: text-classification | AB40: 作者標示 | AC40: 授權需確認 | AD40: https://huggingface.co/GuardrailsAI/prompt-saturation-attack-detector | AE40: 1 | AF40: 1 | AG40: 1 | AH40: 1 | AI40: 0.2 | AJ40: 0.6352 | AK40: 0.5 | AL40: 0 | AM40: =COUNTIFS($D$2:$D$2501,D40,$G$2:$G$2501,">"&G40)+COUNTIFS($D$2:D40,D40,$G$2:G40,G40) -> 7 | AN40: =D40&"|"&AM40 -> AI 應用防護|7
A41: =RANK(G41,$G$2:$G$2501)+COUNTIF($G$2:G41,G41)-1 -> 40 | B41: ibm-granite/granite-4.1-8b | C41: ibm-granite | D41: 分析與報告生成 | E41: 告警分診摘要、ATT&CK 對映、事件報告初稿 (需人工確認) | G41: =ROUND(SUM(I41:P41),3) -> 80.85 | H41: =IF(G41>=評分方法!$C$16,"優先評估",IF(G41>=評分方法!$C$17,"列入候選",IF(G41>=評分方法!$C$18,"特定情境","不建議"))) -> 優先評估 | I41: =AE41*評分方法!$C$5 -> 25.5 | J41: =AF41*評分方法!$C$6 -> 0 | K41: =AG41*評分方法!$C$7 -> 15 | L41: =AH41*評分方法!$C$8 -> 13.05 | M41: =AI41*評分方法!$C$9 -> 10 | N41: =AJ41*評分方法!$C$10 -> 9.3 | O41: =AK41*評分方法!$C$11 -> 5 | P41: =AL41*評分方法!$C$12 -> 3 | Q41: 6169151 | R41: 8791592960 | S41: 10 億至 100 億 | T41: apache-2.0 | U41: 寬鬆授權 | V41: safetensors | W41: 原始開發組織 | X41: 大型語言模型, 未標示語言 | AA41: text-generation | AB41: 作者標示 | AD41: https://huggingface.co/ibm-granite/granite-4.1-8b | AE41: 0.85 | AF41: 0 | AG41: 1 | AH41: 0.87 | AI41: 1 | AJ41: 0.93 | AK41: 1 | AL41: 0.6 | AM41: =COUNTIFS($D$2:$D$2501,D41,$G$2:$G$2501,">"&G41)+COUNTIFS($D$2:D41,D41,$G$2:G41,G41) -> 3 | AN41: =D41&"|"&AM41 -> 分析與報告生成|3
A42: =RANK(G42,$G$2:$G$2501)+COUNTIF($G$2:G42,G42)-1 -> 41 | B42: ibm-granite/granite-embedding-small-english-r2 | C42: ibm-granite | D42: 檢索與情資關聯 | E42: 威脅情資語意搜尋、相似告警比對、事件知識庫 RAG | G42: =ROUND(SUM(I42:P42),3) -> 80.848 | H42: =IF(G42>=評分方法!$C$16,"優先評估",IF(G42>=評分方法!$C$17,"列入候選",IF(G42>=評分方法!$C$18,"特定情境","不建議"))) -> 優先評估 | I42: =AE42*評分方法!$C$5 -> 27 | J42: =AF42*評分方法!$C$6 -> 0 | K42: =AG42*評分方法!$C$7 -> 15 | L42: =AH42*評分方法!$C$8 -> 15 | M42: =AI42*評分方法!$C$9 -> 10 | N42: =AJ42*評分方法!$C$10 -> 9.848 | O42: =AK42*評分方法!$C$11 -> 4 | P42: =AL42*評分方法!$C$12 -> 0 | Q42: 25285010 | R42: 47662464 | S42: 10 億以下 | T42: apache-2.0 | U42: 寬鬆授權 | V42: safetensors;pytorch | W42: 原始開發組織 | X42: 未標示中文 | AA42: feature-extraction | AB42: 作者標示 | AD42: https://huggingface.co/ibm-granite/granite-embedding-small-english-r2 | AE42: 0.9 | AF42: 0 | AG42: 1 | AH42: 1 | AI42: 1 | AJ42: 0.9848 | AK42: 0.8 | AL42: 0 | AM42: =COUNTIFS($D$2:$D$2501,D42,$G$2:$G$2501,">"&G42)+COUNTIFS($D$2:D42,D42,$G$2:G42,G42) -> 19 | AN42: =D42&"|"&AM42 -> 檢索與情資關聯|19
A43: =RANK(G43,$G$2:$G$2501)+COUNTIF($G$2:G43,G43)-1 -> 42 | B43: mixedbread-ai/mxbai-embed-large-v1 | C43: mixedbread-ai | D43: 檢索與情資關聯 | E43: 威脅情資語意搜尋、相似告警比對、事件知識庫 RAG | G43: =ROUND(SUM(I43:P43),3) -> 80.844 | H43: =IF(G43>=評分方法!$C$16,"優先評估",IF(G43>=評分方法!$C$17,"列入候選",IF(G43>=評分方法!$C$18,"特定情境","不建議"))) -> 優先評估 | I43: =AE43*評分方法!$C$5 -> 27 | J43: =AF43*評分方法!$C$6 -> 0 | K43: =AG43*評分方法!$C$7 -> 15 | L43: =AH43*評分方法!$C$8 -> 15 | M43: =AI43*評分方法!$C$9 -> 10 | N43: =AJ43*評分方法!$C$10 -> 9.844 | O43: =AK43*評分方法!$C$11 -> 4 | P43: =AL43*評分方法!$C$12 -> 0 | Q43: 24665385 | R43: 335141888 | S43: 10 億以下 | T43: apache-2.0 | U43: 寬鬆授權 | V43: safetensors;gguf;pytorch;onnx | W43: 原始開發組織 | X43: 未標示中文 | AA43: feature-extraction | AB43: 作者標示 | AD43: https://huggingface.co/mixedbread-ai/mxbai-embed-large-v1 | AE43: 0.9 | AF43: 0 | AG43: 1 | AH43: 1 | AI43: 1 | AJ43: 0.9844 | AK43: 0.8 | AL43: 0 | AM43: =COUNTIFS($D$2:$D$2501,D43,$G$2:$G$2501,">"&G43)+COUNTIFS($D$2:D43,D43,$G$2:G43,G43) -> 20 | AN43: =D43&"|"&AM43 -> 檢索與情資關聯|20
A44: =RANK(G44,$G$2:$G$2501)+COUNTIF($G$2:G44,G44)-1 -> 43 | B44: sentence-transformers/all-MiniLM-L12-v2 | C44: sentence-transformers | D44: 檢索與情資關聯 | E44: 威脅情資語意搜尋、相似告警比對、事件知識庫 RAG | G44: =ROUND(SUM(I44:P44),3) -> 80.84 | H44: =IF(G44>=評分方法!$C$16,"優先評估",IF(G44>=評分方法!$C$17,"列入候選",IF(G44>=評分方法!$C$18,"特定情境","不建議"))) -> 優先評估 | I44: =AE44*評分方法!$C$5 -> 27 | J44: =AF44*評分方法!$C$6 -> 0 | K44: =AG44*評分方法!$C$7 -> 15 | L44: =AH44*評分方法!$C$8 -> 15 | M44: =AI44*評分方法!$C$9 -> 10 | N44: =AJ44*評分方法!$C$10 -> 9.84 | O44: =AK44*評分方法!$C$11 -> 4 | P44: =AL44*評分方法!$C$12 -> 0 | Q44: 23859858 | R44: 33360512 | S44: 10 億以下 | T44: apache-2.0 | U44: 寬鬆授權 | V44: safetensors;pytorch;onnx | W44: 原始開發組織 | X44: 未標示中文 | Y44: microsoft/MiniLM-L12-H384-uncased | Z44: quantized | AA44: sentence-similarity | AB44: 作者標示 | AC44: 量化版本 | AD44: https://huggingface.co/sentence-transformers/all-MiniLM-L12-v2 | AE44: 0.9 | AF44: 0 | AG44: 1 | AH44: 1 | AI44: 1 | AJ44: 0.984 | AK44: 0.8 | AL44: 0 | AM44: =COUNTIFS($D$2:$D$2501,D44,$G$2:$G$2501,">"&G44)+COUNTIFS($D$2:D44,D44,$G$2:G44,G44) -> 21 | AN44: =D44&"|"&AM44 -> 檢索與情資關聯|21
A45: =RANK(G45,$G$2:$G$2501)+COUNTIF($G$2:G45,G45)-1 -> 44 | B45: openai/gpt-oss-safeguard-20b | C45: openai | D45: AI 應用防護 | E45: AI 應用的提示注入、越獄與有害內容偵測 | F45: AI 應用防護 | G45: =ROUND(SUM(I45:P45),3) -> 80.84 | H45: =IF(G45>=評分方法!$C$16,"優先評估",IF(G45>=評分方法!$C$17,"列入候選",IF(G45>=評分方法!$C$18,"特定情境","不建議"))) -> 優先評估 | I45: =AE45*評分方法!$C$5 -> 25.5 | J45: =AF45*評分方法!$C$6 -> 10 | K45: =AG45*評分方法!$C$7 -> 15 | L45: =AH45*評分方法!$C$8 -> 9 | M45: =AI45*評分方法!$C$9 -> 10 | N45: =AJ45*評分方法!$C$10 -> 4.34 | O45: =AK45*評分方法!$C$11 -> 4 | P45: =AL45*評分方法!$C$12 -> 3 | Q45: 476771 | R45: 21511953984 | S45: 100 億至 350 億 | T45: apache-2.0 | U45: 寬鬆授權 | V45: safetensors | W45: 原始開發組織 | X45: 大型語言模型, 未標示語言 | Y45: openai/gpt-oss-20b | Z45: finetune | AA45: text-generation | AB45: 作者標示 | AD45: https://huggingface.co/openai/gpt-oss-safeguard-20b | AE45: 0.85 | AF45: 1 | AG45: 1 | AH45: 0.6 | AI45: 1 | AJ45: 0.434 | AK45: 0.8 | AL45: 0.6 | AM45: =COUNTIFS($D$2:$D$2501,D45,$G$2:$G$2501,">"&G45)+COUNTIFS($D$2:D45,D45,$G$2:G45,G45) -> 8 | AN45: =D45&"|"&AM45 -> AI 應用防護|8
A46: =RANK(G46,$G$2:$G$2501)+COUNTIF($G$2:G46,G46)-1 -> 45 | B46: sentence-transformers/paraphrase-MiniLM-L6-v2 | C46: sentence-transformers | D46: 檢索與情資關聯 | E46: 威脅情資語意搜尋、相似告警比對、事件知識庫 RAG | G46: =ROUND(SUM(I46:P46),3) -> 80.752 | H46: =IF(G46>=評分方法!$C$16,"優先評估",IF(G46>=評分方法!$C$17,"列入候選",IF(G46>=評分方法!$C$18,"特定情境","不建議"))) -> 優先評估 | I46: =AE46*評分方法!$C$5 -> 27 | J46: =AF46*評分方法!$C$6 -> 0 | K46: =AG46*評分方法!$C$7 -> 15 | L46: =AH46*評分方法!$C$8 -> 15 | M46: =AI46*評分方法!$C$9 -> 10 | N46: =AJ46*評分方法!$C$10 -> 9.752 | O46: =AK46*評分方法!$C$11 -> 2.5 | P46: =AL46*評分方法!$C$12 -> 1.5 | Q46: 16401812 | R46: 22713728 | S46: 10 億以下 | T46: apache-2.0 | U46: 寬鬆授權 | V46: safetensors;pytorch;onnx;tensorflow | W46: 原始開發組織 | X46: 未標示 | AA46: sentence-similarity | AB46: 作者標示 | AD46: https://huggingface.co/sentence-transformers/paraphrase-MiniLM-L6-v2 | AE46: 0.9 | AF46: 0 | AG46: 1 | AH46: 1 | AI46: 1 | AJ46: 0.9752 | AK46: 0.5 | AL46: 0.3 | AM46: =COUNTIFS($D$2:$D$2501,D46,$G$2:$G$2501,">"&G46)+COUNTIFS($D$2:D46,D46,$G$2:G46,G46) -> 22 | AN46: =D46&"|"&AM46 -> 檢索與情資關聯|22
A47: =RANK(G47,$G$2:$G$2501)+COUNTIF($G$2:G47,G47)-1 -> 46 | B47: cybersectony/phishing-email-detection-distilbert_v2.4.1 | C47: cybersectony | D47: 釣魚與垃圾訊息偵測 | E47: 釣魚郵件、垃圾訊息或惡意網址分類 | F47: 釣魚與垃圾訊息偵測 | G47: =ROUND(SUM(I47:P47),3) -> 80.734 | H47: =IF(G47>=評分方法!$C$16,"優先評估",IF(G47>=評分方法!$C$17,"列入候選",IF(G47>=評分方法!$C$18,"特定情境","不建議"))) -> 優先評估 | I47: =AE47*評分方法!$C$5 -> 30 | J47: =AF47*評分方法!$C$6 -> 10 | K47: =AG47*評分方法!$C$7 -> 4.95 | L47: =AH47*評分方法!$C$8 -> 15 | M47: =AI47*評分方法!$C$9 -> 10 | N47: =AJ47*評分方法!$C$10 -> 8.284 | O47: =AK47*評分方法!$C$11 -> 2.5 | P47: =AL47*評分方法!$C$12 -> 0 | Q47: 1924730 | R47: 66956548 | S47: 10 億以下 | T47: apache-2.0 | U47: 寬鬆授權 | V47: safetensors | W47: 其他帳號 | X47: 未標示中文 | Y47: distilbert/distilbert-base-uncased | Z47: finetune | AA47: text-classification | AB47: 作者標示 | AD47: https://huggingface.co/cybersectony/phishing-email-detection-distilbert_v2.4.1 | AE47: 1 | AF47: 1 | AG47: 0.33 | AH47: 1 | AI47: 1 | AJ47: 0.8284 | AK47: 0.5 | AL47: 0 | AM47: =COUNTIFS($D$2:$D$2501,D47,$G$2:$G$2501,">"&G47)+COUNTIFS($D$2:D47,D47,$G$2:G47,G47) -> 1 | AN47: =D47&"|"&AM47 -> 釣魚與垃圾訊息偵測|1
A48: =RANK(G48,$G$2:$G$2501)+COUNTIF($G$2:G48,G48)-1 -> 47 | B48: answerdotai/answerai-colbert-small-v1 | C48: answerdotai | D48: 檢索與情資關聯 | E48: 威脅情資語意搜尋、相似告警比對、事件知識庫 RAG | G48: =ROUND(SUM(I48:P48),3) -> 80.712 | H48: =IF(G48>=評分方法!$C$16,"優先評估",IF(G48>=評分方法!$C$17,"列入候選",IF(G48>=評分方法!$C$18,"特定情境","不建議"))) -> 優先評估 | I48: =AE48*評分方法!$C$5 -> 27 | J48: =AF48*評分方法!$C$6 -> 0 | K48: =AG48*評分方法!$C$7 -> 15 | L48: =AH48*評分方法!$C$8 -> 15 | M48: =AI48*評分方法!$C$9 -> 10 | N48: =AJ48*評分方法!$C$10 -> 8.712 | O48: =AK48*評分方法!$C$11 -> 5 | P48: =AL48*評分方法!$C$12 -> 0 | Q48: 2814197 | R48: 33396864 | S48: 10 億以下 | T48: apache-2.0 | U48: 寬鬆授權 | V48: safetensors;onnx | W48: 原始開發組織 | X48: 未標示中文 | AA48: sentence-similarity | AB48: 依模型架構推定 | AC48: 任務類型依模型架構推定 | AD48: https://huggingface.co/answerdotai/answerai-colbert-small-v1 | AE48: 0.9 | AF48: 0 | AG48: 1 | AH48: 1 | AI48: 1 | AJ48: 0.8712 | AK48: 1 | AL48: 0 | AM48: =COUNTIFS($D$2:$D$2501,D48,$G$2:$G$2501,">"&G48)+COUNTIFS($D$2:D48,D48,$G$2:G48,G48) -> 23 | AN48: =D48&"|"&AM48 -> 檢索與情資關聯|23
A49: =RANK(G49,$G$2:$G$2501)+COUNTIF($G$2:G49,G49)-1 -> 48 | B49: OpenMed/privacy-filter-multilingual | C49: OpenMed | D49: 個資偵測與去識別化 | E49: 個資偵測與遮蔽 | F49: 個資偵測與去識別化 | G49: =ROUND(SUM(I49:P49),3) -> 80.676 | H49: =IF(G49>=評分方法!$C$16,"優先評估",IF(G49>=評分方法!$C$17,"列入候選",IF(G49>=評分方法!$C$18,"特定情境","不建議"))) -> 優先評估 | I49: =AE49*評分方法!$C$5 -> 28.5 | J49: =AF49*評分方法!$C$6 -> 10 | K49: =AG49*評分方法!$C$7 -> 4.95 | L49: =AH49*評分方法!$C$8 -> 13.05 | M49: =AI49*評分方法!$C$9 -> 10 | N49: =AJ49*評分方法!$C$10 -> 4.176 | O49: =AK49*評分方法!$C$11 -> 5 | P49: =AL49*評分方法!$C$12 -> 5 | Q49: 451497 | R49: 1399604809 | S49: 10 億至 100 億 | T49: apache-2.0 | U49: 寬鬆授權 | V49: safetensors | W49: 其他帳號 | X49: 標示支援 | Y49: openai/privacy-filter | Z49: finetune | AA49: token-classification | AB49: 作者標示 | AD49: https://huggingface.co/OpenMed/privacy-filter-multilingual | AE49: 0.95 | AF49: 1 | AG49: 0.33 | AH49: 0.87 | AI49: 1 | AJ49: 0.4176 | AK49: 1 | AL49: 1 | AM49: =COUNTIFS($D$2:$D$2501,D49,$G$2:$G$2501,">"&G49)+COUNTIFS($D$2:D49,D49,$G$2:G49,G49) -> 5 | AN49: =D49&"|"&AM49 -> 個資偵測與去識別化|5
A50: =RANK(G50,$G$2:$G$2501)+COUNTIF($G$2:G50,G50)-1 -> 49 | B50: ibm-granite/granite-guardian-4.1-8b | C50: ibm-granite | D50: AI 應用防護 | E50: AI 應用的提示注入、越獄與有害內容偵測 | F50: AI 應用防護 | G50: =ROUND(SUM(I50:P50),3) -> 80.642 | H50: =IF(G50>=評分方法!$C$16,"優先評估",IF(G50>=評分方法!$C$17,"列入候選",IF(G50>=評分方法!$C$18,"特定情境","不建議"))) -> 優先評估 | I50: =AE50*評分方法!$C$5 -> 25.5 | J50: =AF50*評分方法!$C$6 -> 10 | K50: =AG50*評分方法!$C$7 -> 15 | L50: =AH50*評分方法!$C$8 -> 13.05 | M50: =AI50*評分方法!$C$9 -> 10 | N50: =AJ50*評分方法!$C$10 -> 2.092 | O50: =AK50*評分方法!$C$11 -> 5 | P50: =AL50*評分方法!$C$12 -> 0 | Q50: 216790 | R50: 8380551168 | S50: 10 億至 100 億 | T50: apache-2.0 | U50: 寬鬆授權 | V50: safetensors | W50: 原始開發組織 | X50: 未標示中文 | Y50: ibm-granite/granite-4.1-8b | Z50: finetune | AA50: text-generation | AB50: 作者標示 | AD50: https://huggingface.co/ibm-granite/granite-guardian-4.1-8b | AE50: 0.85 | AF50: 1 | AG50: 1 | AH50: 0.87 | AI50: 1 | AJ50: 0.2092 | AK50: 1 | AL50: 0 | AM50: =COUNTIFS($D$2:$D$2501,D50,$G$2:$G$2501,">"&G50)+COUNTIFS($D$2:D50,D50,$G$2:G50,G50) -> 9 | AN50: =D50&"|"&AM50 -> AI 應用防護|9
A51: =RANK(G51,$G$2:$G$2501)+COUNTIF($G$2:G51,G51)-1 -> 50 | B51: sentence-transformers/paraphrase-mpnet-base-v2 | C51: sentence-transformers | D51: 檢索與情資關聯 | E51: 威脅情資語意搜尋、相似告警比對、事件知識庫 RAG | G51: =ROUND(SUM(I51:P51),3) -> 80.608 | H51: =IF(G51>=評分方法!$C$16,"優先評估",IF(G51>=評分方法!$C$17,"列入候選",IF(G51>=評分方法!$C$18,"特定情境","不建議"))) -> 優先評估 | I51: =AE51*評分方法!$C$5 -> 27 | J51: =AF51*評分方法!$C$6 -> 0 | K51: =AG51*評分方法!$C$7 -> 15 | L51: =AH51*評分方法!$C$8 -> 15 | M51: =AI51*評分方法!$C$9 -> 10 | N51: =AJ51*評分方法!$C$10 -> 9.608 | O51: =AK51*評分方法!$C$11 -> 2.5 | P51: =AL51*評分方法!$C$12 -> 1.5 | Q51: 10434318 | R51: 109486978 | S51: 10 億以下 | T51: apache-2.0 | U51: 寬鬆授權 | V51: safetensors;pytorch;onnx;tensorflow | W51: 原始開發組織 | X51: 未標示 | AA51: sentence-similarity | AB51: 作者標示 | AD51: https://huggingface.co/sentence-transformers/paraphrase-mpnet-base-v2 | AE51: 0.9 | AF51: 0 | AG51: 1 | AH51: 1 | AI51: 1 | AJ51: 0.9608 | AK51: 0.5 | AL51: 0.3 | AM51: =COUNTIFS($D$2:$D$2501,D51,$G$2:$G$2501,">"&G51)+COUNTIFS($D$2:D51,D51,$G$2:G51,G51) -> 24 | AN51: =D51&"|"&AM51 -> 檢索與情資關聯|24
A52: =RANK(G52,$G$2:$G$2501)+COUNTIF($G$2:G52,G52)-1 -> 51 | B52: mistralai/Mistral-7B-Instruct-v0.3 | C52: mistralai | D52: 分析與報告生成 | E52: 告警分診摘要、ATT&CK 對映、事件報告初稿 (需人工確認) | G52: =ROUND(SUM(I52:P52),3) -> 80.37 | H52: =IF(G52>=評分方法!$C$16,"優先評估",IF(G52>=評分方法!$C$17,"列入候選",IF(G52>=評分方法!$C$18,"特定情境","不建議"))) -> 優先評估 | I52: =AE52*評分方法!$C$5 -> 25.5 | J52: =AF52*評分方法!$C$6 -> 0 | K52: =AG52*評分方法!$C$7 -> 15 | L52: =AH52*評分方法!$C$8 -> 13.05 | M52: =AI52*評分方法!$C$9 -> 10 | N52: =AJ52*評分方法!$C$10 -> 9.82 | O52: =AK52*評分方法!$C$11 -> 4 | P52: =AL52*評分方法!$C$12 -> 3 | Q52: 21370579 | R52: 7248023552 | S52: 10 億至 100 億 | T52: apache-2.0 | U52: 寬鬆授權 | V52: safetensors | W52: 原始開發組織 | X52: 大型語言模型, 未標示語言 | Y52: mistralai/Mistral-7B-v0.3 | Z52: finetune | AA52: text-generation | AB52: 依模型架構推定 | AC52: 任務類型依模型架構推定 | AD52: https://huggingface.co/mistralai/Mistral-7B-Instruct-v0.3 | AE52: 0.85 | AF52: 0 | AG52: 1 | AH52: 0.87 | AI52: 1 | AJ52: 0.982 | AK52: 0.8 | AL52: 0.6 | AM52: =COUNTIFS($D$2:$D$2501,D52,$G$2:$G$2501,">"&G52)+COUNTIFS($D$2:D52,D52,$G$2:G52,G52) -> 4 | AN52: =D52&"|"&AM52 -> 分析與報告生成|4
A53: =RANK(G53,$G$2:$G$2501)+COUNTIF($G$2:G53,G53)-1 -> 52 | B53: sentence-transformers/paraphrase-MiniLM-L3-v2 | C53: sentence-transformers | D53: 檢索與情資關聯 | E53: 威脅情資語意搜尋、相似告警比對、事件知識庫 RAG | G53: =ROUND(SUM(I53:P53),3) -> 80.36 | H53: =IF(G53>=評分方法!$C$16,"優先評估",IF(G53>=評分方法!$C$17,"列入候選",IF(G53>=評分方法!$C$18,"特定情境","不建議"))) -> 優先評估 | I53: =AE53*評分方法!$C$5 -> 27 | J53: =AF53*評分方法!$C$6 -> 0 | K53: =AG53*評分方法!$C$7 -> 15 | L53: =AH53*評分方法!$C$8 -> 15 | M53: =AI53*評分方法!$C$9 -> 10 | N53: =AJ53*評分方法!$C$10 -> 9.36 | O53: =AK53*評分方法!$C$11 -> 2.5 | P53: =AL53*評分方法!$C$12 -> 1.5 | Q53: 6994700 | R53: 17390336 | S53: 10 億以下 | T53: apache-2.0 | U53: 寬鬆授權 | V53: safetensors;pytorch;onnx;tensorflow | W53: 原始開發組織 | X53: 未標示 | AA53: sentence-similarity | AB53: 作者標示 | AD53: https://huggingface.co/sentence-transformers/paraphrase-MiniLM-L3-v2 | AE53: 0.9 | AF53: 0 | AG53: 1 | AH53: 1 | AI53: 1 | AJ53: 0.936 | AK53: 0.5 | AL53: 0.3 | AM53: =COUNTIFS($D$2:$D$2501,D53,$G$2:$G$2501,">"&G53)+COUNTIFS($D$2:D53,D53,$G$2:G53,G53) -> 25 | AN53: =D53&"|"&AM53 -> 檢索與情資關聯|25
A54: =RANK(G54,$G$2:$G$2501)+COUNTIF($G$2:G54,G54)-1 -> 53 | B54: mistralai/Ministral-3-8B-Instruct-2512 | C54: mistralai | D54: 分析與報告生成 | E54: 告警分診摘要、ATT&CK 對映、事件報告初稿 (需人工確認) | G54: =ROUND(SUM(I54:P54),3) -> 80.254 | H54: =IF(G54>=評分方法!$C$16,"優先評估",IF(G54>=評分方法!$C$17,"列入候選",IF(G54>=評分方法!$C$18,"特定情境","不建議"))) -> 優先評估 | I54: =AE54*評分方法!$C$5 -> 25.5 | J54: =AF54*評分方法!$C$6 -> 0 | K54: =AG54*評分方法!$C$7 -> 15 | L54: =AH54*評分方法!$C$8 -> 13.05 | M54: =AI54*評分方法!$C$9 -> 10 | N54: =AJ54*評分方法!$C$10 -> 6.704 | O54: =AK54*評分方法!$C$11 -> 5 | P54: =AL54*評分方法!$C$12 -> 5 | Q54: 814948 | R54: 8918026716 | S54: 10 億至 100 億 | T54: apache-2.0 | U54: 寬鬆授權 | V54: safetensors | W54: 原始開發組織 | X54: 標示支援 | Y54: mistralai/Ministral-3-8B-Base-2512 | Z54: quantized | AA54: text-generation | AB54: 依模型架構推定 | AC54: 任務類型依模型架構推定; 量化版本 | AD54: https://huggingface.co/mistralai/Ministral-3-8B-Instruct-2512 | AE54: 0.85 | AF54: 0 | AG54: 1 | AH54: 0.87 | AI54: 1 | AJ54: 0.6704 | AK54: 1 | AL54: 1 | AM54: =COUNTIFS($D$2:$D$2501,D54,$G$2:$G$2501,">"&G54)+COUNTIFS($D$2:D54,D54,$G$2:G54,G54) -> 5 | AN54: =D54&"|"&AM54 -> 分析與報告生成|5
A55: =RANK(G55,$G$2:$G$2501)+COUNTIF($G$2:G55,G55)-1 -> 54 | B55: HuggingFaceTB/SmolLM3-3B | C55: HuggingFaceTB | D55: 分析與報告生成 | E55: 告警分診摘要、ATT&CK 對映、事件報告初稿 (需人工確認) | G55: =ROUND(SUM(I55:P55),3) -> 80.086 | H55: =IF(G55>=評分方法!$C$16,"優先評估",IF(G55>=評分方法!$C$17,"列入候選",IF(G55>=評分方法!$C$18,"特定情境","不建議"))) -> 優先評估 | I55: =AE55*評分方法!$C$5 -> 25.5 | J55: =AF55*評分方法!$C$6 -> 0 | K55: =AG55*評分方法!$C$7 -> 15 | L55: =AH55*評分方法!$C$8 -> 13.05 | M55: =AI55*評分方法!$C$9 -> 10 | N55: =AJ55*評分方法!$C$10 -> 9.036 | O55: =AK55*評分方法!$C$11 -> 2.5 | P55: =AL55*評分方法!$C$12 -> 5 | Q55: 4011021 | R55: 3075098624 | S55: 10 億至 100 億 | T55: apache-2.0 | U55: 寬鬆授權 | V55: safetensors | W55: 原始開發組織 | X55: 標示支援 | Y55: HuggingFaceTB/SmolLM3-3B-Base | Z55: finetune | AA55: text-generation | AB55: 作者標示 | AD55: https://huggingface.co/HuggingFaceTB/SmolLM3-3B | AE55: 0.85 | AF55: 0 | AG55: 1 | AH55: 0.87 | AI55: 1 | AJ55: 0.9036 | AK55: 0.5 | AL55: 1 | AM55: =COUNTIFS($D$2:$D$2501,D55,$G$2:$G$2501,">"&G55)+COUNTIFS($D$2:D55,D55,$G$2:G55,G55) -> 6 | AN55: =D55&"|"&AM55 -> 分析與報告生成|6
A56: =RANK(G56,$G$2:$G$2501)+COUNTIF($G$2:G56,G56)-1 -> 55 | B56: ibm-granite/granite-4.1-3b | C56: ibm-granite | D56: 分析與報告生成 | E56: 告警分診摘要、ATT&CK 對映、事件報告初稿 (需人工確認) | G56: =ROUND(SUM(I56:P56),3) -> 79.97 | H56: =IF(G56>=評分方法!$C$16,"優先評估",IF(G56>=評分方法!$C$17,"列入候選",IF(G56>=評分方法!$C$18,"特定情境","不建議"))) -> 列入候選 | I56: =AE56*評分方法!$C$5 -> 25.5 | J56: =AF56*評分方法!$C$6 -> 0 | K56: =AG56*評分方法!$C$7 -> 15 | L56: =AH56*評分方法!$C$8 -> 13.05 | M56: =AI56*評分方法!$C$9 -> 10 | N56: =AJ56*評分方法!$C$10 -> 8.42 | O56: =AK56*評分方法!$C$11 -> 5 | P56: =AL56*評分方法!$C$12 -> 3 | Q56: 2079473 | R56: 3402836480 | S56: 10 億至 100 億 | T56: apache-2.0 | U56: 寬鬆授權 | V56: safetensors | W56: 原始開發組織 | X56: 大型語言模型, 未標示語言 | AA56: text-generation | AB56: 作者標示 | AD56: https://huggingface.co/ibm-granite/granite-4.1-3b | AE56: 0.85 | AF56: 0 | AG56: 1 | AH56: 0.87 | AI56: 1 | AJ56: 0.842 | AK56: 1 | AL56: 0.6 | AM56: =COUNTIFS($D$2:$D$2501,D56,$G$2:$G$2501,">"&G56)+COUNTIFS($D$2:D56,D56,$G$2:G56,G56) -> 7 | AN56: =D56&"|"&AM56 -> 分析與報告生成|7
A57: =RANK(G57,$G$2:$G$2501)+COUNTIF($G$2:G57,G57)-1 -> 56 | B57: google/gemma-4-E4B-it | C57: google | D57: 分析與報告生成 | E57: 告警分診摘要、ATT&CK 對映、事件報告初稿 (需人工確認) | G57: =ROUND(SUM(I57:P57),3) -> 79.918 | H57: =IF(G57>=評分方法!$C$16,"優先評估",IF(G57>=評分方法!$C$17,"列入候選",IF(G57>=評分方法!$C$18,"特定情境","不建議"))) -> 列入候選 | I57: =AE57*評分方法!$C$5 -> 24 | J57: =AF57*評分方法!$C$6 -> 0 | K57: =AG57*評分方法!$C$7 -> 15 | L57: =AH57*評分方法!$C$8 -> 13.05 | M57: =AI57*評分方法!$C$9 -> 10 | N57: =AJ57*評分方法!$C$10 -> 9.868 | O57: =AK57*評分方法!$C$11 -> 5 | P57: =AL57*評分方法!$C$12 -> 3 | Q57: 33314404 | R57: 7996156490 | S57: 10 億至 100 億 | T57: apache-2.0 | U57: 寬鬆授權 | V57: safetensors | W57: 原始開發組織 | X57: 大型語言模型, 未標示語言 | Y57: google/gemma-4-E4B | Z57: finetune | AA57: any-to-any | AB57: 作者標示 | AD57: https://huggingface.co/google/gemma-4-E4B-it | AE57: 0.8 | AF57: 0 | AG57: 1 | AH57: 0.87 | AI57: 1 | AJ57: 0.9868 | AK57: 1 | AL57: 0.6 | AM57: =COUNTIFS($D$2:$D$2501,D57,$G$2:$G$2501,">"&G57)+COUNTIFS($D$2:D57,D57,$G$2:G57,G57) -> 8 | AN57: =D57&"|"&AM57 -> 分析與報告生成|8
A58: =RANK(G58,$G$2:$G$2501)+COUNTIF($G$2:G58,G58)-1 -> 57 | B58: google/gemma-4-E2B-it | C58: google | D58: 分析與報告生成 | E58: 告警分診摘要、ATT&CK 對映、事件報告初稿 (需人工確認) | G58: =ROUND(SUM(I58:P58),3) -> 79.846 | H58: =IF(G58>=評分方法!$C$16,"優先評估",IF(G58>=評分方法!$C$17,"列入候選",IF(G58>=評分方法!$C$18,"特定情境","不建議"))) -> 列入候選 | I58: =AE58*評分方法!$C$5 -> 24 | J58: =AF58*評分方法!$C$6 -> 0 | K58: =AG58*評分方法!$C$7 -> 15 | L58: =AH58*評分方法!$C$8 -> 13.05 | M58: =AI58*評分方法!$C$9 -> 10 | N58: =AJ58*評分方法!$C$10 -> 9.796 | O58: =AK58*評分方法!$C$11 -> 5 | P58: =AL58*評分方法!$C$12 -> 3 | Q58: 19887491 | R58: 5123178051 | S58: 10 億至 100 億 | T58: apache-2.0 | U58: 寬鬆授權 | V58: safetensors | W58: 原始開發組織 | X58: 大型語言模型, 未標示語言 | Y58: google/gemma-4-E2B | Z58: finetune | AA58: any-to-any | AB58: 作者標示 | AD58: https://huggingface.co/google/gemma-4-E2B-it | AE58: 0.8 | AF58: 0 | AG58: 1 | AH58: 0.87 | AI58: 1 | AJ58: 0.9796 | AK58: 1 | AL58: 0.6 | AM58: =COUNTIFS($D$2:$D$2501,D58,$G$2:$G$2501,">"&G58)+COUNTIFS($D$2:D58,D58,$G$2:G58,G58) -> 9 | AN58: =D58&"|"&AM58 -> 分析與報告生成|9
A59: =RANK(G59,$G$2:$G$2501)+COUNTIF($G$2:G59,G59)-1 -> 58 | B59: sentence-transformers/nli-mpnet-base-v2 | C59: sentence-transformers | D59: 檢索與情資關聯 | E59: 威脅情資語意搜尋、相似告警比對、事件知識庫 RAG | G59: =ROUND(SUM(I59:P59),3) -> 79.792 | H59: =IF(G59>=評分方法!$C$16,"優先評估",IF(G59>=評分方法!$C$17,"列入候選",IF(G59>=評分方法!$C$18,"特定情境","不建議"))) -> 列入候選 | I59: =AE59*評分方法!$C$5 -> 27 | J59: =AF59*評分方法!$C$6 -> 0 | K59: =AG59*評分方法!$C$7 -> 15 | L59: =AH59*評分方法!$C$8 -> 15 | M59: =AI59*評分方法!$C$9 -> 10 | N59: =AJ59*評分方法!$C$10 -> 8.792 | O59: =AK59*評分方法!$C$11 -> 2.5 | P59: =AL59*評分方法!$C$12 -> 1.5 | Q59: 3045976 | R59: 109486978 | S59: 10 億以下 | T59: apache-2.0 | U59: 寬鬆授權 | V59: safetensors;pytorch;onnx;tensorflow | W59: 原始開發組織 | X59: 未標示 | AA59: sentence-similarity | AB59: 作者標示 | AD59: https://huggingface.co/sentence-transformers/nli-mpnet-base-v2 | AE59: 0.9 | AF59: 0 | AG59: 1 | AH59: 1 | AI59: 1 | AJ59: 0.8792 | AK59: 0.5 | AL59: 0.3 | AM59: =COUNTIFS($D$2:$D$2501,D59,$G$2:$G$2501,">"&G59)+COUNTIFS($D$2:D59,D59,$G$2:G59,G59) -> 26 | AN59: =D59&"|"&AM59 -> 檢索與情資關聯|26
A60: =RANK(G60,$G$2:$G$2501)+COUNTIF($G$2:G60,G60)-1 -> 59 | B60: google/gemma-4-26B-A4B-it-assistant | C60: google | D60: 分析與報告生成 | E60: 告警分診摘要、ATT&CK 對映、事件報告初稿 (需人工確認) | G60: =ROUND(SUM(I60:P60),3) -> 79.788 | H60: =IF(G60>=評分方法!$C$16,"優先評估",IF(G60>=評分方法!$C$17,"列入候選",IF(G60>=評分方法!$C$18,"特定情境","不建議"))) -> 列入候選 | I60: =AE60*評分方法!$C$5 -> 24 | J60: =AF60*評分方法!$C$6 -> 0 | K60: =AG60*評分方法!$C$7 -> 15 | L60: =AH60*評分方法!$C$8 -> 15 | M60: =AI60*評分方法!$C$9 -> 10 | N60: =AJ60*評分方法!$C$10 -> 7.788 | O60: =AK60*評分方法!$C$11 -> 5 | P60: =AL60*評分方法!$C$12 -> 3 | Q60: 1366026 | R60: 419711236 | S60: 10 億以下 | T60: apache-2.0 | U60: 寬鬆授權 | V60: safetensors | W60: 原始開發組織 | X60: 大型語言模型, 未標示語言 | AA60: any-to-any | AB60: 作者標示 | AD60: https://huggingface.co/google/gemma-4-26B-A4B-it-assistant | AE60: 0.8 | AF60: 0 | AG60: 1 | AH60: 1 | AI60: 1 | AJ60: 0.7788 | AK60: 1 | AL60: 0.6 | AM60: =COUNTIFS($D$2:$D$2501,D60,$G$2:$G$2501,">"&G60)+COUNTIFS($D$2:D60,D60,$G$2:G60,G60) -> 10 | AN60: =D60&"|"&AM60 -> 分析與報告生成|10
A61: =RANK(G61,$G$2:$G$2501)+COUNTIF($G$2:G61,G61)-1 -> 60 | B61: fastino/gliner2-multi-v1 | C61: fastino | D61: 實體擷取與去識別化 | E61: 從報告擷取 IOC 與實體, log 與工單個資遮蔽 | G61: =ROUND(SUM(I61:P61),3) -> 79.764 | H61: =IF(G61>=評分方法!$C$16,"優先評估",IF(G61>=評分方法!$C$17,"列入候選",IF(G61>=評分方法!$C$18,"特定情境","不建議"))) -> 列入候選 | I61: =AE61*評分方法!$C$5 -> 28.5 | J61: =AF61*評分方法!$C$6 -> 0 | K61: =AG61*評分方法!$C$7 -> 15 | L61: =AH61*評分方法!$C$8 -> 15 | M61: =AI61*評分方法!$C$9 -> 10 | N61: =AJ61*評分方法!$C$10 -> 6.264 | O61: =AK61*評分方法!$C$11 -> 5 | P61: =AL61*評分方法!$C$12 -> 0 | Q61: 685514 | R61: 307098645 | S61: 10 億以下 | T61: apache-2.0 | U61: 寬鬆授權 | V61: safetensors | W61: 原始開發組織 | X61: 未標示中文 | AA61: token-classification | AB61: 依名稱推定 | AC61: 任務類型依名稱推定 | AD61: https://huggingface.co/fastino/gliner2-multi-v1 | AE61: 0.95 | AF61: 0 | AG61: 1 | AH61: 1 | AI61: 1 | AJ61: 0.6264 | AK61: 1 | AL61: 0 | AM61: =COUNTIFS($D$2:$D$2501,D61,$G$2:$G$2501,">"&G61)+COUNTIFS($D$2:D61,D61,$G$2:G61,G61) -> 4 | AN61: =D61&"|"&AM61 -> 實體擷取與去識別化|4
A62: =RANK(G62,$G$2:$G$2501)+COUNTIF($G$2:G62,G62)-1 -> 61 | B62: sentence-transformers/paraphrase-albert-small-v2 | C62: sentence-transformers | D62: 檢索與情資關聯 | E62: 威脅情資語意搜尋、相似告警比對、事件知識庫 RAG | G62: =ROUND(SUM(I62:P62),3) -> 79.676 | H62: =IF(G62>=評分方法!$C$16,"優先評估",IF(G62>=評分方法!$C$17,"列入候選",IF(G62>=評分方法!$C$18,"特定情境","不建議"))) -> 列入候選 | I62: =AE62*評分方法!$C$5 -> 27 | J62: =AF62*評分方法!$C$6 -> 0 | K62: =AG62*評分方法!$C$7 -> 15 | L62: =AH62*評分方法!$C$8 -> 15 | M62: =AI62*評分方法!$C$9 -> 10 | N62: =AJ62*評分方法!$C$10 -> 8.676 | O62: =AK62*評分方法!$C$11 -> 2.5 | P62: =AL62*評分方法!$C$12 -> 1.5 | Q62: 2701713 | R62: 11684096 | S62: 10 億以下 | T62: apache-2.0 | U62: 寬鬆授權 | V62: safetensors;pytorch;onnx;tensorflow | W62: 原始開發組織 | X62: 未標示 | AA62: sentence-similarity | AB62: 作者標示 | AD62: https://huggingface.co/sentence-transformers/paraphrase-albert-small-v2 | AE62: 0.9 | AF62: 0 | AG62: 1 | AH62: 1 | AI62: 1 | AJ62: 0.8676 | AK62: 0.5 | AL62: 0.3 | AM62: =COUNTIFS($D$2:$D$2501,D62,$G$2:$G$2501,">"&G62)+COUNTIFS($D$2:D62,D62,$G$2:G62,G62) -> 27 | AN62: =D62&"|"&AM62 -> 檢索與情資關聯|27
A63: =RANK(G63,$G$2:$G$2501)+COUNTIF($G$2:G63,G63)-1 -> 62 | B63: Snowflake/snowflake-arctic-embed-m | C63: Snowflake | D63: 檢索與情資關聯 | E63: 威脅情資語意搜尋、相似告警比對、事件知識庫 RAG | G63: =ROUND(SUM(I63:P63),3) -> 79.644 | H63: =IF(G63>=評分方法!$C$16,"優先評估",IF(G63>=評分方法!$C$17,"列入候選",IF(G63>=評分方法!$C$18,"特定情境","不建議"))) -> 列入候選 | I63: =AE63*評分方法!$C$5 -> 27 | J63: =AF63*評分方法!$C$6 -> 0 | K63: =AG63*評分方法!$C$7 -> 15 | L63: =AH63*評分方法!$C$8 -> 15 | M63: =AI63*評分方法!$C$9 -> 10 | N63: =AJ63*評分方法!$C$10 -> 8.644 | O63: =AK63*評分方法!$C$11 -> 2.5 | P63: =AL63*評分方法!$C$12 -> 1.5 | Q63: 2619176 | R63: 108891648 | S63: 10 億以下 | T63: apache-2.0 | U63: 寬鬆授權 | V63: safetensors;onnx | W63: 原始開發組織 | X63: 未標示 | AA63: sentence-similarity | AB63: 作者標示 | AD63: https://huggingface.co/Snowflake/snowflake-arctic-embed-m | AE63: 0.9 | AF63: 0 | AG63: 1 | AH63: 1 | AI63: 1 | AJ63: 0.8644 | AK63: 0.5 | AL63: 0.3 | AM63: =COUNTIFS($D$2:$D$2501,D63,$G$2:$G$2501,">"&G63)+COUNTIFS($D$2:D63,D63,$G$2:G63,G63) -> 28 | AN63: =D63&"|"&AM63 -> 檢索與情資關聯|28
A64: =RANK(G64,$G$2:$G$2501)+COUNTIF($G$2:G64,G64)-1 -> 63 | B64: LocalAI-io/privacy-filter-nemotron-GGUF | C64: LocalAI-io | D64: 個資偵測與去識別化 | E64: 個資偵測與遮蔽 | F64: 個資偵測與去識別化 | G64: =ROUND(SUM(I64:P64),3) -> 79.56 | H64: =IF(G64>=評分方法!$C$16,"優先評估",IF(G64>=評分方法!$C$17,"列入候選",IF(G64>=評分方法!$C$18,"特定情境","不建議"))) -> 列入候選 | I64: =AE64*評分方法!$C$5 -> 28.5 | J64: =AF64*評分方法!$C$6 -> 10 | K64: =AG64*評分方法!$C$7 -> 4.95 | L64: =AH64*評分方法!$C$8 -> 13.05 | M64: =AI64*評分方法!$C$9 -> 10 | N64: =AJ64*評分方法!$C$10 -> 8.06 | O64: =AK64*評分方法!$C$11 -> 5 | P64: =AL64*評分方法!$C$12 -> 0 | Q64: 1646317 | R64: 1399607373 | S64: 10 億至 100 億 | T64: apache-2.0 | U64: 寬鬆授權 | V64: gguf | W64: 其他帳號 | X64: 未標示中文 | Y64: OpenMed/privacy-filter-nemotron | Z64: quantized | AA64: token-classification | AB64: 作者標示 | AC64: 量化版本 | AD64: https://huggingface.co/LocalAI-io/privacy-filter-nemotron-GGUF | AE64: 0.95 | AF64: 1 | AG64: 0.33 | AH64: 0.87 | AI64: 1 | AJ64: 0.806 | AK64: 1 | AL64: 0 | AM64: =COUNTIFS($D$2:$D$2501,D64,$G$2:$G$2501,">"&G64)+COUNTIFS($D$2:D64,D64,$G$2:G64,G64) -> 6 | AN64: =D64&"|"&AM64 -> 個資偵測與去識別化|6
A65: =RANK(G65,$G$2:$G$2501)+COUNTIF($G$2:G65,G65)-1 -> 64 | B65: sentence-transformers/all-mpnet-base-v2 | C65: sentence-transformers | D65: 檢索與情資關聯 | E65: 威脅情資語意搜尋、相似告警比對、事件知識庫 RAG | G65: =ROUND(SUM(I65:P65),3) -> 79.484 | H65: =IF(G65>=評分方法!$C$16,"優先評估",IF(G65>=評分方法!$C$17,"列入候選",IF(G65>=評分方法!$C$18,"特定情境","不建議"))) -> 列入候選 | I65: =AE65*評分方法!$C$5 -> 27 | J65: =AF65*評分方法!$C$6 -> 0 | K65: =AG65*評分方法!$C$7 -> 15 | L65: =AH65*評分方法!$C$8 -> 15 | M65: =AI65*評分方法!$C$9 -> 10 | N65: =AJ65*評分方法!$C$10 -> 9.984 | O65: =AK65*評分方法!$C$11 -> 2.5 | P65: =AL65*評分方法!$C$12 -> 0 | Q65: 172189985 | R65: 109486978 | S65: 10 億以下 | T65: apache-2.0 | U65: 寬鬆授權 | V65: safetensors;pytorch;onnx | W65: 原始開發組織 | X65: 未標示中文 | AA65: sentence-similarity | AB65: 作者標示 | AD65: https://huggingface.co/sentence-transformers/all-mpnet-base-v2 | AE65: 0.9 | AF65: 0 | AG65: 1 | AH65: 1 | AI65: 1 | AJ65: 0.9984 | AK65: 0.5 | AL65: 0 | AM65: =COUNTIFS($D$2:$D$2501,D65,$G$2:$G$2501,">"&G65)+COUNTIFS($D$2:D65,D65,$G$2:G65,G65) -> 29 | AN65: =D65&"|"&AM65 -> 檢索與情資關聯|29
A66: =RANK(G66,$G$2:$G$2501)+COUNTIF($G$2:G66,G66)-1 -> 65 | B66: sentence-transformers/paraphrase-MiniLM-L12-v2 | C66: sentence-transformers | D66: 檢索與情資關聯 | E66: 威脅情資語意搜尋、相似告警比對、事件知識庫 RAG | G66: =ROUND(SUM(I66:P66),3) -> 79.404 | H66: =IF(G66>=評分方法!$C$16,"優先評估",IF(G66>=評分方法!$C$17,"列入候選",IF(G66>=評分方法!$C$18,"特定情境","不建議"))) -> 列入候選 | I66: =AE66*評分方法!$C$5 -> 27 | J66: =AF66*評分方法!$C$6 -> 0 | K66: =AG66*評分方法!$C$7 -> 15 | L66: =AH66*評分方法!$C$8 -> 15 | M66: =AI66*評分方法!$C$9 -> 10 | N66: =AJ66*評分方法!$C$10 -> 8.404 | O66: =AK66*評分方法!$C$11 -> 2.5 | P66: =AL66*評分方法!$C$12 -> 1.5 | Q66: 2066252 | R66: 33360512 | S66: 10 億以下 | T66: apache-2.0 | U66: 寬鬆授權 | V66: safetensors;pytorch;onnx;tensorflow | W66: 原始開發組織 | X66: 未標示 | AA66: sentence-similarity | AB66: 作者標示 | AD66: https://huggingface.co/sentence-transformers/paraphrase-MiniLM-L12-v2 | AE66: 0.9 | AF66: 0 | AG66: 1 | AH66: 1 | AI66: 1 | AJ66: 0.8404 | AK66: 0.5 | AL66: 0.3 | AM66: =COUNTIFS($D$2:$D$2501,D66,$G$2:$G$2501,">"&G66)+COUNTIFS($D$2:D66,D66,$G$2:G66,G66) -> 30 | AN66: =D66&"|"&AM66 -> 檢索與情資關聯|30
A67: =RANK(G67,$G$2:$G$2501)+COUNTIF($G$2:G67,G67)-1 -> 66 | B67: cross-encoder/ms-marco-MiniLM-L4-v2 | C67: cross-encoder | D67: 檢索與情資關聯 | E67: 威脅情資語意搜尋、相似告警比對、事件知識庫 RAG | G67: =ROUND(SUM(I67:P67),3) -> 79.38 | H67: =IF(G67>=評分方法!$C$16,"優先評估",IF(G67>=評分方法!$C$17,"列入候選",IF(G67>=評分方法!$C$18,"特定情境","不建議"))) -> 列入候選 | I67: =AE67*評分方法!$C$5 -> 27 | J67: =AF67*評分方法!$C$6 -> 0 | K67: =AG67*評分方法!$C$7 -> 15 | L67: =AH67*評分方法!$C$8 -> 15 | M67: =AI67*評分方法!$C$9 -> 10 | N67: =AJ67*評分方法!$C$10 -> 9.88 | O67: =AK67*評分方法!$C$11 -> 2.5 | P67: =AL67*評分方法!$C$12 -> 0 | Q67: 37556429 | R67: 19165185 | S67: 10 億以下 | T67: apache-2.0 | U67: 寬鬆授權 | V67: safetensors;pytorch;onnx;flax | W67: 原始開發組織 | X67: 未標示中文 | Y67: cross-encoder/ms-marco-MiniLM-L12-v2 | Z67: quantized | AA67: text-ranking | AB67: 作者標示 | AC67: 量化版本 | AD67: https://huggingface.co/cross-encoder/ms-marco-MiniLM-L4-v2 | AE67: 0.9 | AF67: 0 | AG67: 1 | AH67: 1 | AI67: 1 | AJ67: 0.988 | AK67: 0.5 | AL67: 0 | AM67: =COUNTIFS($D$2:$D$2501,D67,$G$2:$G$2501,">"&G67)+COUNTIFS($D$2:D67,D67,$G$2:G67,G67) -> 31 | AN67: =D67&"|"&AM67 -> 檢索與情資關聯|31
A68: =RANK(G68,$G$2:$G$2501)+COUNTIF($G$2:G68,G68)-1 -> 67 | B68: sentence-transformers/all-distilroberta-v1 | C68: sentence-transformers | D68: 檢索與情資關聯 | E68: 威脅情資語意搜尋、相似告警比對、事件知識庫 RAG | G68: =ROUND(SUM(I68:P68),3) -> 79.24 | H68: =IF(G68>=評分方法!$C$16,"優先評估",IF(G68>=評分方法!$C$17,"列入候選",IF(G68>=評分方法!$C$18,"特定情境","不建議"))) -> 列入候選 | I68: =AE68*評分方法!$C$5 -> 27 | J68: =AF68*評分方法!$C$6 -> 0 | K68: =AG68*評分方法!$C$7 -> 15 | L68: =AH68*評分方法!$C$8 -> 15 | M68: =AI68*評分方法!$C$9 -> 10 | N68: =AJ68*評分方法!$C$10 -> 9.74 | O68: =AK68*評分方法!$C$11 -> 2.5 | P68: =AL68*評分方法!$C$12 -> 0 | Q68: 16093150 | R68: 82118914 | S68: 10 億以下 | T68: apache-2.0 | U68: 寬鬆授權 | V68: safetensors;pytorch;onnx | W68: 原始開發組織 | X68: 未標示中文 | AA68: sentence-similarity | AB68: 作者標示 | AD68: https://huggingface.co/sentence-transformers/all-distilroberta-v1 | AE68: 0.9 | AF68: 0 | AG68: 1 | AH68: 1 | AI68: 1 | AJ68: 0.974 | AK68: 0.5 | AL68: 0 | AM68: =COUNTIFS($D$2:$D$2501,D68,$G$2:$G$2501,">"&G68)+COUNTIFS($D$2:D68,D68,$G$2:G68,G68) -> 32 | AN68: =D68&"|"&AM68 -> 檢索與情資關聯|32
A69: =RANK(G69,$G$2:$G$2501)+COUNTIF($G$2:G69,G69)-1 -> 68 | B69: Snowflake/snowflake-arctic-embed-m-v1.5 | C69: Snowflake | D69: 檢索與情資關聯 | E69: 威脅情資語意搜尋、相似告警比對、事件知識庫 RAG | G69: =ROUND(SUM(I69:P69),3) -> 79.22 | H69: =IF(G69>=評分方法!$C$16,"優先評估",IF(G69>=評分方法!$C$17,"列入候選",IF(G69>=評分方法!$C$18,"特定情境","不建議"))) -> 列入候選 | I69: =AE69*評分方法!$C$5 -> 27 | J69: =AF69*評分方法!$C$6 -> 0 | K69: =AG69*評分方法!$C$7 -> 15 | L69: =AH69*評分方法!$C$8 -> 15 | M69: =AI69*評分方法!$C$9 -> 10 | N69: =AJ69*評分方法!$C$10 -> 8.22 | O69: =AK69*評分方法!$C$11 -> 2.5 | P69: =AL69*評分方法!$C$12 -> 1.5 | Q69: 1828828 | R69: 108891648 | S69: 10 億以下 | T69: apache-2.0 | U69: 寬鬆授權 | V69: safetensors;gguf;onnx | W69: 原始開發組織 | X69: 未標示 | AA69: sentence-similarity | AB69: 作者標示 | AD69: https://huggingface.co/Snowflake/snowflake-arctic-embed-m-v1.5 | AE69: 0.9 | AF69: 0 | AG69: 1 | AH69: 1 | AI69: 1 | AJ69: 0.822 | AK69: 0.5 | AL69: 0.3 | AM69: =COUNTIFS($D$2:$D$2501,D69,$G$2:$G$2501,">"&G69)+COUNTIFS($D$2:D69,D69,$G$2:G69,G69) -> 33 | AN69: =D69&"|"&AM69 -> 檢索與情資關聯|33
A70: =RANK(G70,$G$2:$G$2501)+COUNTIF($G$2:G70,G70)-1 -> 69 | B70: cross-encoder/ms-marco-MiniLM-L12-v2 | C70: cross-encoder | D70: 檢索與情資關聯 | E70: 威脅情資語意搜尋、相似告警比對、事件知識庫 RAG | G70: =ROUND(SUM(I70:P70),3) -> 79.208 | H70: =IF(G70>=評分方法!$C$16,"優先評估",IF(G70>=評分方法!$C$17,"列入候選",IF(G70>=評分方法!$C$18,"特定情境","不建議"))) -> 列入候選 | I70: =AE70*評分方法!$C$5 -> 27 | J70: =AF70*評分方法!$C$6 -> 0 | K70: =AG70*評分方法!$C$7 -> 15 | L70: =AH70*評分方法!$C$8 -> 15 | M70: =AI70*評分方法!$C$9 -> 10 | N70: =AJ70*評分方法!$C$10 -> 9.708 | O70: =AK70*評分方法!$C$11 -> 2.5 | P70: =AL70*評分方法!$C$12 -> 0 | Q70: 14631906 | R70: 33360897 | S70: 10 億以下 | T70: apache-2.0 | U70: 寬鬆授權 | V70: safetensors;pytorch;onnx;flax | W70: 原始開發組織 | X70: 未標示中文 | Y70: microsoft/MiniLM-L12-H384-uncased | Z70: quantized | AA70: text-ranking | AB70: 作者標示 | AC70: 量化版本 | AD70: https://huggingface.co/cross-encoder/ms-marco-MiniLM-L12-v2 | AE70: 0.9 | AF70: 0 | AG70: 1 | AH70: 1 | AI70: 1 | AJ70: 0.9708 | AK70: 0.5 | AL70: 0 | AM70: =COUNTIFS($D$2:$D$2501,D70,$G$2:$G$2501,">"&G70)+COUNTIFS($D$2:D70,D70,$G$2:G70,G70) -> 34 | AN70: =D70&"|"&AM70 -> 檢索與情資關聯|34
A71: =RANK(G71,$G$2:$G$2501)+COUNTIF($G$2:G71,G71)-1 -> 70 | B71: intfloat/e5-large-v2 | C71: intfloat | D71: 檢索與情資關聯 | E71: 威脅情資語意搜尋、相似告警比對、事件知識庫 RAG | G71: =ROUND(SUM(I71:P71),3) -> 79.192 | H71: =IF(G71>=評分方法!$C$16,"優先評估",IF(G71>=評分方法!$C$17,"列入候選",IF(G71>=評分方法!$C$18,"特定情境","不建議"))) -> 列入候選 | I71: =AE71*評分方法!$C$5 -> 27 | J71: =AF71*評分方法!$C$6 -> 0 | K71: =AG71*評分方法!$C$7 -> 15 | L71: =AH71*評分方法!$C$8 -> 15 | M71: =AI71*評分方法!$C$9 -> 10 | N71: =AJ71*評分方法!$C$10 -> 9.692 | O71: =AK71*評分方法!$C$11 -> 2.5 | P71: =AL71*評分方法!$C$12 -> 0 | Q71: 13667277 | R71: 335142400 | S71: 10 億以下 | T71: mit | U71: 寬鬆授權 | V71: safetensors;pytorch;onnx | W71: 原始開發組織 | X71: 未標示中文 | AA71: sentence-similarity | AB71: 作者標示 | AD71: https://huggingface.co/intfloat/e5-large-v2 | AE71: 0.9 | AF71: 0 | AG71: 1 | AH71: 1 | AI71: 1 | AJ71: 0.9692 | AK71: 0.5 | AL71: 0 | AM71: =COUNTIFS($D$2:$D$2501,D71,$G$2:$G$2501,">"&G71)+COUNTIFS($D$2:D71,D71,$G$2:G71,G71) -> 35 | AN71: =D71&"|"&AM71 -> 檢索與情資關聯|35
A72: =RANK(G72,$G$2:$G$2501)+COUNTIF($G$2:G72,G72)-1 -> 71 | B72: Snowflake/snowflake-arctic-embed-l | C72: Snowflake | D72: 檢索與情資關聯 | E72: 威脅情資語意搜尋、相似告警比對、事件知識庫 RAG | G72: =ROUND(SUM(I72:P72),3) -> 79.18 | H72: =IF(G72>=評分方法!$C$16,"優先評估",IF(G72>=評分方法!$C$17,"列入候選",IF(G72>=評分方法!$C$18,"特定情境","不建議"))) -> 列入候選 | I72: =AE72*評分方法!$C$5 -> 27 | J72: =AF72*評分方法!$C$6 -> 0 | K72: =AG72*評分方法!$C$7 -> 15 | L72: =AH72*評分方法!$C$8 -> 15 | M72: =AI72*評分方法!$C$9 -> 10 | N72: =AJ72*評分方法!$C$10 -> 8.18 | O72: =AK72*評分方法!$C$11 -> 2.5 | P72: =AL72*評分方法!$C$12 -> 1.5 | Q72: 1798038 | R72: 334092288 | S72: 10 億以下 | T72: apache-2.0 | U72: 寬鬆授權 | V72: safetensors;onnx | W72: 原始開發組織 | X72: 未標示 | AA72: sentence-similarity | AB72: 作者標示 | AD72: https://huggingface.co/Snowflake/snowflake-arctic-embed-l | AE72: 0.9 | AF72: 0 | AG72: 1 | AH72: 1 | AI72: 1 | AJ72: 0.818 | AK72: 0.5 | AL72: 0.3 | AM72: =COUNTIFS($D$2:$D$2501,D72,$G$2:$G$2501,">"&G72)+COUNTIFS($D$2:D72,D72,$G$2:G72,G72) -> 36 | AN72: =D72&"|"&AM72 -> 檢索與情資關聯|36
A73: =RANK(G73,$G$2:$G$2501)+COUNTIF($G$2:G73,G73)-1 -> 72 | B73: HuggingFaceTB/SmolLM3-3B-Base | C73: HuggingFaceTB | D73: 分析與報告生成 | E73: 告警分診摘要、ATT&CK 對映、事件報告初稿 (需人工確認) | G73: =ROUND(SUM(I73:P73),3) -> 79.158 | H73: =IF(G73>=評分方法!$C$16,"優先評估",IF(G73>=評分方法!$C$17,"列入候選",IF(G73>=評分方法!$C$18,"特定情境","不建議"))) -> 列入候選 | I73: =AE73*評分方法!$C$5 -> 25.5 | J73: =AF73*評分方法!$C$6 -> 0 | K73: =AG73*評分方法!$C$7 -> 15 | L73: =AH73*評分方法!$C$8 -> 13.05 | M73: =AI73*評分方法!$C$9 -> 10 | N73: =AJ73*評分方法!$C$10 -> 8.108 | O73: =AK73*評分方法!$C$11 -> 2.5 | P73: =AL73*評分方法!$C$12 -> 5 | Q73: 1719481 | R73: 3075098624 | S73: 10 億至 100 億 | T73: apache-2.0 | U73: 寬鬆授權 | V73: safetensors;onnx | W73: 原始開發組織 | X73: 標示支援 | AA73: text-generation | AB73: 作者標示 | AD73: https://huggingface.co/HuggingFaceTB/SmolLM3-3B-Base | AE73: 0.85 | AF73: 0 | AG73: 1 | AH73: 0.87 | AI73: 1 | AJ73: 0.8108 | AK73: 0.5 | AL73: 1 | AM73: =COUNTIFS($D$2:$D$2501,D73,$G$2:$G$2501,">"&G73)+COUNTIFS($D$2:D73,D73,$G$2:G73,G73) -> 11 | AN73: =D73&"|"&AM73 -> 分析與報告生成|11
A74: =RANK(G74,$G$2:$G$2501)+COUNTIF($G$2:G74,G74)-1 -> 73 | B74: sentence-transformers/msmarco-MiniLM-L6-v3 | C74: sentence-transformers | D74: 檢索與情資關聯 | E74: 威脅情資語意搜尋、相似告警比對、事件知識庫 RAG | G74: =ROUND(SUM(I74:P74),3) -> 79.128 | H74: =IF(G74>=評分方法!$C$16,"優先評估",IF(G74>=評分方法!$C$17,"列入候選",IF(G74>=評分方法!$C$18,"特定情境","不建議"))) -> 列入候選 | I74: =AE74*評分方法!$C$5 -> 27 | J74: =AF74*評分方法!$C$6 -> 0 | K74: =AG74*評分方法!$C$7 -> 15 | L74: =AH74*評分方法!$C$8 -> 15 | M74: =AI74*評分方法!$C$9 -> 10 | N74: =AJ74*評分方法!$C$10 -> 8.128 | O74: =AK74*評分方法!$C$11 -> 2.5 | P74: =AL74*評分方法!$C$12 -> 1.5 | Q74: 1731789 | R74: 22713728 | S74: 10 億以下 | T74: apache-2.0 | U74: 寬鬆授權 | V74: safetensors;pytorch;onnx;tensorflow;flax | W74: 原始開發組織 | X74: 未標示 | AA74: sentence-similarity | AB74: 作者標示 | AD74: https://huggingface.co/sentence-transformers/msmarco-MiniLM-L6-v3 | AE74: 0.9 | AF74: 0 | AG74: 1 | AH74: 1 | AI74: 1 | AJ74: 0.8128 | AK74: 0.5 | AL74: 0.3 | AM74: =COUNTIFS($D$2:$D$2501,D74,$G$2:$G$2501,">"&G74)+COUNTIFS($D$2:D74,D74,$G$2:G74,G74) -> 37 | AN74: =D74&"|"&AM74 -> 檢索與情資關聯|37
A75: =RANK(G75,$G$2:$G$2501)+COUNTIF($G$2:G75,G75)-1 -> 74 | B75: LiquidAI/LFM2.5-230M-GGUF | C75: LiquidAI | D75: 分析與報告生成 | E75: 告警分診摘要、ATT&CK 對映、事件報告初稿 (需人工確認) | G75: =ROUND(SUM(I75:P75),3) -> 79.068 | H75: =IF(G75>=評分方法!$C$16,"優先評估",IF(G75>=評分方法!$C$17,"列入候選",IF(G75>=評分方法!$C$18,"特定情境","不建議"))) -> 列入候選 | I75: =AE75*評分方法!$C$5 -> 25.5 | J75: =AF75*評分方法!$C$6 -> 0 | K75: =AG75*評分方法!$C$7 -> 15 | L75: =AH75*評分方法!$C$8 -> 15 | M75: =AI75*評分方法!$C$9 -> 6 | N75: =AJ75*評分方法!$C$10 -> 7.568 | O75: =AK75*評分方法!$C$11 -> 5 | P75: =AL75*評分方法!$C$12 -> 5 | Q75: 1199816 | R75: 229693184 | S75: 10 億以下 | T75: other | U75: 自訂授權, 需法務審查 | V75: safetensors;gguf | W75: 原始開發組織 | X75: 標示支援 | Y75: LiquidAI/LFM2.5-230M | Z75: quantized | AA75: text-generation | AB75: 作者標示 | AC75: 量化版本; 授權需確認 | AD75: https://huggingface.co/LiquidAI/LFM2.5-230M-GGUF | AE75: 0.85 | AF75: 0 | AG75: 1 | AH75: 1 | AI75: 0.6 | AJ75: 0.7568 | AK75: 1 | AL75: 1 | AM75: =COUNTIFS($D$2:$D$2501,D75,$G$2:$G$2501,">"&G75)+COUNTIFS($D$2:D75,D75,$G$2:G75,G75) -> 12 | AN75: =D75&"|"&AM75 -> 分析與報告生成|12
A76: =RANK(G76,$G$2:$G$2501)+COUNTIF($G$2:G76,G76)-1 -> 75 | B76: google/gemma-4-E4B | C76: google | D76: 分析與報告生成 | E76: 告警分診摘要、ATT&CK 對映、事件報告初稿 (需人工確認) | G76: =ROUND(SUM(I76:P76),3) -> 79.066 | H76: =IF(G76>=評分方法!$C$16,"優先評估",IF(G76>=評分方法!$C$17,"列入候選",IF(G76>=評分方法!$C$18,"特定情境","不建議"))) -> 列入候選 | I76: =AE76*評分方法!$C$5 -> 24 | J76: =AF76*評分方法!$C$6 -> 0 | K76: =AG76*評分方法!$C$7 -> 15 | L76: =AH76*評分方法!$C$8 -> 13.05 | M76: =AI76*評分方法!$C$9 -> 10 | N76: =AJ76*評分方法!$C$10 -> 9.016 | O76: =AK76*評分方法!$C$11 -> 5 | P76: =AL76*評分方法!$C$12 -> 3 | Q76: 3964561 | R76: 7996156490 | S76: 10 億至 100 億 | T76: apache-2.0 | U76: 寬鬆授權 | V76: safetensors | W76: 原始開發組織 | X76: 大型語言模型, 未標示語言 | AA76: any-to-any | AB76: 作者標示 | AD76: https://huggingface.co/google/gemma-4-E4B | AE76: 0.8 | AF76: 0 | AG76: 1 | AH76: 0.87 | AI76: 1 | AJ76: 0.9016 | AK76: 1 | AL76: 0.6 | AM76: =COUNTIFS($D$2:$D$2501,D76,$G$2:$G$2501,">"&G76)+COUNTIFS($D$2:D76,D76,$G$2:G76,G76) -> 13 | AN76: =D76&"|"&AM76 -> 分析與報告生成|13
A77: =RANK(G77,$G$2:$G$2501)+COUNTIF($G$2:G77,G77)-1 -> 76 | B77: intfloat/e5-base-v2 | C77: intfloat | D77: 檢索與情資關聯 | E77: 威脅情資語意搜尋、相似告警比對、事件知識庫 RAG | G77: =ROUND(SUM(I77:P77),3) -> 79.048 | H77: =IF(G77>=評分方法!$C$16,"優先評估",IF(G77>=評分方法!$C$17,"列入候選",IF(G77>=評分方法!$C$18,"特定情境","不建議"))) -> 列入候選 | I77: =AE77*評分方法!$C$5 -> 27 | J77: =AF77*評分方法!$C$6 -> 0 | K77: =AG77*評分方法!$C$7 -> 15 | L77: =AH77*評分方法!$C$8 -> 15 | M77: =AI77*評分方法!$C$9 -> 10 | N77: =AJ77*評分方法!$C$10 -> 9.548 | O77: =AK77*評分方法!$C$11 -> 2.5 | P77: =AL77*評分方法!$C$12 -> 0 | Q77: 9383235 | R77: 109482752 | S77: 10 億以下 | T77: mit | U77: 寬鬆授權 | V77: safetensors;pytorch;onnx | W77: 原始開發組織 | X77: 未標示中文 | AA77: sentence-similarity | AB77: 作者標示 | AD77: https://huggingface.co/intfloat/e5-base-v2 | AE77: 0.9 | AF77: 0 | AG77: 1 | AH77: 1 | AI77: 1 | AJ77: 0.9548 | AK77: 0.5 | AL77: 0 | AM77: =COUNTIFS($D$2:$D$2501,D77,$G$2:$G$2501,">"&G77)+COUNTIFS($D$2:D77,D77,$G$2:G77,G77) -> 38 | AN77: =D77&"|"&AM77 -> 檢索與情資關聯|38
A78: =RANK(G78,$G$2:$G$2501)+COUNTIF($G$2:G78,G78)-1 -> 77 | B78: google/embeddinggemma-2 | C78: google | D78: 檢索與情資關聯 | E78: 威脅情資語意搜尋、相似告警比對、事件知識庫 RAG | G78: =ROUND(SUM(I78:P78),3) -> 79.032 | H78: =IF(G78>=評分方法!$C$16,"優先評估",IF(G78>=評分方法!$C$17,"列入候選",IF(G78>=評分方法!$C$18,"特定情境","不建議"))) -> 列入候選 | I78: =AE78*評分方法!$C$5 -> 27 | J78: =AF78*評分方法!$C$6 -> 0 | K78: =AG78*評分方法!$C$7 -> 15 | L78: =AH78*評分方法!$C$8 -> 15 | M78: =AI78*評分方法!$C$9 -> 10 | N78: =AJ78*評分方法!$C$10 -> 2.032 | O78: =AK78*評分方法!$C$11 -> 5 | P78: =AL78*評分方法!$C$12 -> 5 | Q78: 212955 | R78: 744371512 | S78: 10 億以下 | T78: apache-2.0 | U78: 寬鬆授權 | V78: safetensors | W78: 原始開發組織 | X78: 標示支援 | AA78: feature-extraction | AB78: 作者標示 | AD78: https://huggingface.co/google/embeddinggemma-2 | AE78: 0.9 | AF78: 0 | AG78: 1 | AH78: 1 | AI78: 1 | AJ78: 0.2032 | AK78: 1 | AL78: 1 | AM78: =COUNTIFS($D$2:$D$2501,D78,$G$2:$G$2501,">"&G78)+COUNTIFS($D$2:D78,D78,$G$2:G78,G78) -> 39 | AN78: =D78&"|"&AM78 -> 檢索與情資關聯|39
A79: =RANK(G79,$G$2:$G$2501)+COUNTIF($G$2:G79,G79)-1 -> 78 | B79: nvidia/Nemotron-3-Embed-1B-BF16 | C79: nvidia | D79: 檢索與情資關聯 | E79: 威脅情資語意搜尋、相似告警比對、事件知識庫 RAG | G79: =ROUND(SUM(I79:P79),3) -> 78.978 | H79: =IF(G79>=評分方法!$C$16,"優先評估",IF(G79>=評分方法!$C$17,"列入候選",IF(G79>=評分方法!$C$18,"特定情境","不建議"))) -> 列入候選 | I79: =AE79*評分方法!$C$5 -> 27 | J79: =AF79*評分方法!$C$6 -> 0 | K79: =AG79*評分方法!$C$7 -> 15 | L79: =AH79*評分方法!$C$8 -> 13.05 | M79: =AI79*評分方法!$C$9 -> 6 | N79: =AJ79*評分方法!$C$10 -> 7.928 | O79: =AK79*評分方法!$C$11 -> 5 | P79: =AL79*評分方法!$C$12 -> 5 | Q79: 1490148 | R79: 1140918272 | S79: 10 億至 100 億 | T79: other | U79: 自訂授權, 需法務審查 | V79: safetensors | W79: 原始開發組織 | X79: 標示支援 | Y79: mistralai/Ministral-3-3B-Instruct-2512 | Z79: finetune | AA79: sentence-similarity | AB79: 作者標示 | AC79: 授權需確認 | AD79: https://huggingface.co/nvidia/Nemotron-3-Embed-1B-BF16 | AE79: 0.9 | AF79: 0 | AG79: 1 | AH79: 0.87 | AI79: 0.6 | AJ79: 0.7928 | AK79: 1 | AL79: 1 | AM79: =COUNTIFS($D$2:$D$2501,D79,$G$2:$G$2501,">"&G79)+COUNTIFS($D$2:D79,D79,$G$2:G79,G79) -> 40 | AN79: =D79&"|"&AM79 -> 檢索與情資關聯|40
A80: =RANK(G80,$G$2:$G$2501)+COUNTIF($G$2:G80,G80)-1 -> 79 | B80: OpenMed/OpenMed-PII-SuperClinical-Small-44M-v1 | C80: OpenMed | D80: 個資偵測與去識別化 | E80: 個資偵測與遮蔽 | F80: 個資偵測與去識別化 | G80: =ROUND(SUM(I80:P80),3) -> 78.89 | H80: =IF(G80>=評分方法!$C$16,"優先評估",IF(G80>=評分方法!$C$17,"列入候選",IF(G80>=評分方法!$C$18,"特定情境","不建議"))) -> 列入候選 | I80: =AE80*評分方法!$C$5 -> 28.5 | J80: =AF80*評分方法!$C$6 -> 10 | K80: =AG80*評分方法!$C$7 -> 4.95 | L80: =AH80*評分方法!$C$8 -> 15 | M80: =AI80*評分方法!$C$9 -> 10 | N80: =AJ80*評分方法!$C$10 -> 6.44 | O80: =AK80*評分方法!$C$11 -> 4 | P80: =AL80*評分方法!$C$12 -> 0 | Q80: 734376 | R80: 141385834 | S80: 10 億以下 | T80: apache-2.0 | U80: 寬鬆授權 | V80: safetensors | W80: 其他帳號 | X80: 未標示中文 | Y80: microsoft/deberta-v3-small | Z80: finetune | AA80: token-classification | AB80: 作者標示 | AD80: https://huggingface.co/OpenMed/OpenMed-PII-SuperClinical-Small-44M-v1 | AE80: 0.95 | AF80: 1 | AG80: 0.33 | AH80: 1 | AI80: 1 | AJ80: 0.644 | AK80: 0.8 | AL80: 0 | AM80: =COUNTIFS($D$2:$D$2501,D80,$G$2:$G$2501,">"&G80)+COUNTIFS($D$2:D80,D80,$G$2:G80,G80) -> 7 | AN80: =D80&"|"&AM80 -> 個資偵測與去識別化|7
A81: =RANK(G81,$G$2:$G$2501)+COUNTIF($G$2:G81,G81)-1 -> 80 | B81: sentence-transformers/bert-base-nli-mean-tokens | C81: sentence-transformers | D81: 檢索與情資關聯 | E81: 威脅情資語意搜尋、相似告警比對、事件知識庫 RAG | G81: =ROUND(SUM(I81:P81),3) -> 78.872 | H81: =IF(G81>=評分方法!$C$16,"優先評估",IF(G81>=評分方法!$C$17,"列入候選",IF(G81>=評分方法!$C$18,"特定情境","不建議"))) -> 列入候選 | I81: =AE81*評分方法!$C$5 -> 27 | J81: =AF81*評分方法!$C$6 -> 0 | K81: =AG81*評分方法!$C$7 -> 15 | L81: =AH81*評分方法!$C$8 -> 15 | M81: =AI81*評分方法!$C$9 -> 10 | N81: =AJ81*評分方法!$C$10 -> 7.872 | O81: =AK81*評分方法!$C$11 -> 2.5 | P81: =AL81*評分方法!$C$12 -> 1.5 | Q81: 1454567 | R81: 109482752 | S81: 10 億以下 | T81: apache-2.0 | U81: 寬鬆授權 | V81: safetensors;pytorch;onnx;tensorflow;flax | W81: 原始開發組織 | X81: 未標示 | AA81: sentence-similarity | AB81: 作者標示 | AD81: https://huggingface.co/sentence-transformers/bert-base-nli-mean-tokens | AE81: 0.9 | AF81: 0 | AG81: 1 | AH81: 1 | AI81: 1 | AJ81: 0.7872 | AK81: 0.5 | AL81: 0.3 | AM81: =COUNTIFS($D$2:$D$2501,D81,$G$2:$G$2501,">"&G81)+COUNTIFS($D$2:D81,D81,$G$2:G81,G81) -> 41 | AN81: =D81&"|"&AM81 -> 檢索與情資關聯|41
A82: =RANK(G82,$G$2:$G$2501)+COUNTIF($G$2:G82,G82)-1 -> 81 | B82: Snowflake/snowflake-arctic-embed-s | C82: Snowflake | D82: 檢索與情資關聯 | E82: 威脅情資語意搜尋、相似告警比對、事件知識庫 RAG | G82: =ROUND(SUM(I82:P82),3) -> 78.816 | H82: =IF(G82>=評分方法!$C$16,"優先評估",IF(G82>=評分方法!$C$17,"列入候選",IF(G82>=評分方法!$C$18,"特定情境","不建議"))) -> 列入候選 | I82: =AE82*評分方法!$C$5 -> 27 | J82: =AF82*評分方法!$C$6 -> 0 | K82: =AG82*評分方法!$C$7 -> 15 | L82: =AH82*評分方法!$C$8 -> 15 | M82: =AI82*評分方法!$C$9 -> 10 | N82: =AJ82*評分方法!$C$10 -> 7.816 | O82: =AK82*評分方法!$C$11 -> 2.5 | P82: =AL82*評分方法!$C$12 -> 1.5 | Q82: 1407125 | R82: 33212160 | S82: 10 億以下 | T82: apache-2.0 | U82: 寬鬆授權 | V82: safetensors;onnx | W82: 原始開發組織 | X82: 未標示 | AA82: sentence-similarity | AB82: 作者標示 | AD82: https://huggingface.co/Snowflake/snowflake-arctic-embed-s | AE82: 0.9 | AF82: 0 | AG82: 1 | AH82: 1 | AI82: 1 | AJ82: 0.7816 | AK82: 0.5 | AL82: 0.3 | AM82: =COUNTIFS($D$2:$D$2501,D82,$G$2:$G$2501,">"&G82)+COUNTIFS($D$2:D82,D82,$G$2:G82,G82) -> 42 | AN82: =D82&"|"&AM82 -> 檢索與情資關聯|42
A83: =RANK(G83,$G$2:$G$2501)+COUNTIF($G$2:G83,G83)-1 -> 82 | B83: ai21labs/Jamba-tiny-dev | C83: ai21labs | D83: 分析與報告生成 | E83: 告警分診摘要、ATT&CK 對映、事件報告初稿 (需人工確認) | G83: =ROUND(SUM(I83:P83),3) -> 78.756 | H83: =IF(G83>=評分方法!$C$16,"優先評估",IF(G83>=評分方法!$C$17,"列入候選",IF(G83>=評分方法!$C$18,"特定情境","不建議"))) -> 列入候選 | I83: =AE83*評分方法!$C$5 -> 25.5 | J83: =AF83*評分方法!$C$6 -> 0 | K83: =AG83*評分方法!$C$7 -> 15 | L83: =AH83*評分方法!$C$8 -> 15 | M83: =AI83*評分方法!$C$9 -> 10 | N83: =AJ83*評分方法!$C$10 -> 9.256 | O83: =AK83*評分方法!$C$11 -> 1 | P83: =AL83*評分方法!$C$12 -> 3 | Q83: 5613235 | R83: 318688640 | S83: 10 億以下 | T83: apache-2.0 | U83: 寬鬆授權 | V83: safetensors | W83: 原始開發組織 | X83: 大型語言模型, 未標示語言 | AA83: text-generation | AB83: 依模型架構推定 | AC83: 任務類型依模型架構推定 | AD83: https://huggingface.co/ai21labs/Jamba-tiny-dev | AE83: 0.85 | AF83: 0 | AG83: 1 | AH83: 1 | AI83: 1 | AJ83: 0.9256 | AK83: 0.2 | AL83: 0.6 | AM83: =COUNTIFS($D$2:$D$2501,D83,$G$2:$G$2501,">"&G83)+COUNTIFS($D$2:D83,D83,$G$2:G83,G83) -> 14 | AN83: =D83&"|"&AM83 -> 分析與報告生成|14
A84: =RANK(G84,$G$2:$G$2501)+COUNTIF($G$2:G84,G84)-1 -> 83 | B84: cross-encoder/ms-marco-MiniLM-L2-v2 | C84: cross-encoder | D84: 檢索與情資關聯 | E84: 威脅情資語意搜尋、相似告警比對、事件知識庫 RAG | G84: =ROUND(SUM(I84:P84),3) -> 78.736 | H84: =IF(G84>=評分方法!$C$16,"優先評估",IF(G84>=評分方法!$C$17,"列入候選",IF(G84>=評分方法!$C$18,"特定情境","不建議"))) -> 列入候選 | I84: =AE84*評分方法!$C$5 -> 27 | J84: =AF84*評分方法!$C$6 -> 0 | K84: =AG84*評分方法!$C$7 -> 15 | L84: =AH84*評分方法!$C$8 -> 15 | M84: =AI84*評分方法!$C$9 -> 10 | N84: =AJ84*評分方法!$C$10 -> 9.236 | O84: =AK84*評分方法!$C$11 -> 2.5 | P84: =AL84*評分方法!$C$12 -> 0 | Q84: 5459181 | R84: 15616257 | S84: 10 億以下 | T84: apache-2.0 | U84: 寬鬆授權 | V84: safetensors;pytorch;onnx;flax | W84: 原始開發組織 | X84: 未標示中文 | Y84: cross-encoder/ms-marco-MiniLM-L12-v2 | Z84: quantized | AA84: text-ranking | AB84: 作者標示 | AC84: 量化版本 | AD84: https://huggingface.co/cross-encoder/ms-marco-MiniLM-L2-v2 | AE84: 0.9 | AF84: 0 | AG84: 1 | AH84: 1 | AI84: 1 | AJ84: 0.9236 | AK84: 0.5 | AL84: 0 | AM84: =COUNTIFS($D$2:$D$2501,D84,$G$2:$G$2501,">"&G84)+COUNTIFS($D$2:D84,D84,$G$2:G84,G84) -> 43 | AN84: =D84&"|"&AM84 -> 檢索與情資關聯|43
A85: =RANK(G85,$G$2:$G$2501)+COUNTIF($G$2:G85,G85)-1 -> 84 | B85: google/gemma-4-E4B-it-qat-q4_0-gguf | C85: google | D85: 分析與報告生成 | E85: 告警分診摘要、ATT&CK 對映、事件報告初稿 (需人工確認) | G85: =ROUND(SUM(I85:P85),3) -> 78.702 | H85: =IF(G85>=評分方法!$C$16,"優先評估",IF(G85>=評分方法!$C$17,"列入候選",IF(G85>=評分方法!$C$18,"特定情境","不建議"))) -> 列入候選 | I85: =AE85*評分方法!$C$5 -> 24 | J85: =AF85*評分方法!$C$6 -> 0 | K85: =AG85*評分方法!$C$7 -> 15 | L85: =AH85*評分方法!$C$8 -> 13.05 | M85: =AI85*評分方法!$C$9 -> 10 | N85: =AJ85*評分方法!$C$10 -> 8.652 | O85: =AK85*評分方法!$C$11 -> 5 | P85: =AL85*評分方法!$C$12 -> 3 | Q85: 2648924 | R85: 7463013674 | S85: 10 億至 100 億 | T85: apache-2.0 | U85: 寬鬆授權 | V85: gguf | W85: 原始開發組織 | X85: 大型語言模型, 未標示語言 | Y85: google/gemma-4-E4B-it-qat-q4_0-unquantized | Z85: quantized | AA85: any-to-any | AB85: 作者標示 | AC85: 量化版本 | AD85: https://huggingface.co/google/gemma-4-E4B-it-qat-q4_0-gguf | AE85: 0.8 | AF85: 0 | AG85: 1 | AH85: 0.87 | AI85: 1 | AJ85: 0.8652 | AK85: 1 | AL85: 0.6 | AM85: =COUNTIFS($D$2:$D$2501,D85,$G$2:$G$2501,">"&G85)+COUNTIFS($D$2:D85,D85,$G$2:G85,G85) -> 15 | AN85: =D85&"|"&AM85 -> 分析與報告生成|15
A86: =RANK(G86,$G$2:$G$2501)+COUNTIF($G$2:G86,G86)-1 -> 85 | B86: mistralai/Mistral-7B-Instruct-v0.2 | C86: mistralai | D86: 分析與報告生成 | E86: 告警分診摘要、ATT&CK 對映、事件報告初稿 (需人工確認) | G86: =ROUND(SUM(I86:P86),3) -> 78.674 | H86: =IF(G86>=評分方法!$C$16,"優先評估",IF(G86>=評分方法!$C$17,"列入候選",IF(G86>=評分方法!$C$18,"特定情境","不建議"))) -> 列入候選 | I86: =AE86*評分方法!$C$5 -> 25.5 | J86: =AF86*評分方法!$C$6 -> 0 | K86: =AG86*評分方法!$C$7 -> 15 | L86: =AH86*評分方法!$C$8 -> 13.05 | M86: =AI86*評分方法!$C$9 -> 10 | N86: =AJ86*評分方法!$C$10 -> 9.624 | O86: =AK86*評分方法!$C$11 -> 2.5 | P86: =AL86*評分方法!$C$12 -> 3 | Q86: 10599529 | R86: 7241732096 | S86: 10 億至 100 億 | T86: apache-2.0 | U86: 寬鬆授權 | V86: safetensors;pytorch | W86: 原始開發組織 | X86: 大型語言模型, 未標示語言 | AA86: text-generation | AB86: 作者標示 | AD86: https://huggingface.co/mistralai/Mistral-7B-Instruct-v0.2 | AE86: 0.85 | AF86: 0 | AG86: 1 | AH86: 0.87 | AI86: 1 | AJ86: 0.9624 | AK86: 0.5 | AL86: 0.6 | AM86: =COUNTIFS($D$2:$D$2501,D86,$G$2:$G$2501,">"&G86)+COUNTIFS($D$2:D86,D86,$G$2:G86,G86) -> 16 | AN86: =D86&"|"&AM86 -> 分析與報告生成|16
A87: =RANK(G87,$G$2:$G$2501)+COUNTIF($G$2:G87,G87)-1 -> 86 | B87: intfloat/e5-small-v2 | C87: intfloat | D87: 檢索與情資關聯 | E87: 威脅情資語意搜尋、相似告警比對、事件知識庫 RAG | G87: =ROUND(SUM(I87:P87),3) -> 78.64 | H87: =IF(G87>=評分方法!$C$16,"優先評估",IF(G87>=評分方法!$C$17,"列入候選",IF(G87>=評分方法!$C$18,"特定情境","不建議"))) -> 列入候選 | I87: =AE87*評分方法!$C$5 -> 27 | J87: =AF87*評分方法!$C$6 -> 0 | K87: =AG87*評分方法!$C$7 -> 15 | L87: =AH87*評分方法!$C$8 -> 15 | M87: =AI87*評分方法!$C$9 -> 10 | N87: =AJ87*評分方法!$C$10 -> 9.14 | O87: =AK87*評分方法!$C$11 -> 2.5 | P87: =AL87*評分方法!$C$12 -> 0 | Q87: 4701047 | R87: 33360512 | S87: 10 億以下 | T87: mit | U87: 寬鬆授權 | V87: safetensors;pytorch;onnx;tensorflow | W87: 原始開發組織 | X87: 未標示中文 | AA87: sentence-similarity | AB87: 作者標示 | AD87: https://huggingface.co/intfloat/e5-small-v2 | AE87: 0.9 | AF87: 0 | AG87: 1 | AH87: 1 | AI87: 1 | AJ87: 0.914 | AK87: 0.5 | AL87: 0 | AM87: =COUNTIFS($D$2:$D$2501,D87,$G$2:$G$2501,">"&G87)+COUNTIFS($D$2:D87,D87,$G$2:G87,G87) -> 44 | AN87: =D87&"|"&AM87 -> 檢索與情資關聯|44
A88: =RANK(G88,$G$2:$G$2501)+COUNTIF($G$2:G88,G88)-1 -> 87 | B88: sentence-transformers/all-roberta-large-v1 | C88: sentence-transformers | D88: 檢索與情資關聯 | E88: 威脅情資語意搜尋、相似告警比對、事件知識庫 RAG | G88: =ROUND(SUM(I88:P88),3) -> 78.608 | H88: =IF(G88>=評分方法!$C$16,"優先評估",IF(G88>=評分方法!$C$17,"列入候選",IF(G88>=評分方法!$C$18,"特定情境","不建議"))) -> 列入候選 | I88: =AE88*評分方法!$C$5 -> 27 | J88: =AF88*評分方法!$C$6 -> 0 | K88: =AG88*評分方法!$C$7 -> 15 | L88: =AH88*評分方法!$C$8 -> 15 | M88: =AI88*評分方法!$C$9 -> 10 | N88: =AJ88*評分方法!$C$10 -> 9.108 | O88: =AK88*評分方法!$C$11 -> 2.5 | P88: =AL88*評分方法!$C$12 -> 0 | Q88: 4510801 | R88: 355360258 | S88: 10 億以下 | T88: apache-2.0 | U88: 寬鬆授權 | V88: safetensors;pytorch;onnx | W88: 原始開發組織 | X88: 未標示中文 | AA88: sentence-similarity | AB88: 作者標示 | AD88: https://huggingface.co/sentence-transformers/all-roberta-large-v1 | AE88: 0.9 | AF88: 0 | AG88: 1 | AH88: 1 | AI88: 1 | AJ88: 0.9108 | AK88: 0.5 | AL88: 0 | AM88: =COUNTIFS($D$2:$D$2501,D88,$G$2:$G$2501,">"&G88)+COUNTIFS($D$2:D88,D88,$G$2:G88,G88) -> 45 | AN88: =D88&"|"&AM88 -> 檢索與情資關聯|45
A89: =RANK(G89,$G$2:$G$2501)+COUNTIF($G$2:G89,G89)-1 -> 88 | B89: garak-llm/attackgeneration-toxicity_gpt2 | C89: garak-llm | D89: AI 紅隊評估 | E89: LLM 弱點掃描工具 garak 的偵測元件 | F89: AI 紅隊評估 | G89: =ROUND(SUM(I89:P89),3) -> 78.596 | H89: =IF(G89>=評分方法!$C$16,"優先評估",IF(G89>=評分方法!$C$17,"列入候選",IF(G89>=評分方法!$C$18,"特定情境","不建議"))) -> 列入候選 | I89: =AE89*評分方法!$C$5 -> 25.5 | J89: =AF89*評分方法!$C$6 -> 10 | K89: =AG89*評分方法!$C$7 -> 15 | L89: =AH89*評分方法!$C$8 -> 15 | M89: =AI89*評分方法!$C$9 -> 10 | N89: =AJ89*評分方法!$C$10 -> 0.596 | O89: =AK89*評分方法!$C$11 -> 2.5 | P89: =AL89*評分方法!$C$12 -> 0 | Q89: 137873 | R89: 124439808 | S89: 10 億以下 | T89: apache-2.0 | U89: 寬鬆授權 | V89: safetensors | W89: 原始開發組織 | X89: 未標示中文 | Y89: openai-community/gpt2 | Z89: finetune | AA89: text-generation | AB89: 依上游模型推定 | AC89: 任務類型依上游模型推定 | AD89: https://huggingface.co/garak-llm/attackgeneration-toxicity_gpt2 | AE89: 0.85 | AF89: 1 | AG89: 1 | AH89: 1 | AI89: 1 | AJ89: 0.0596 | AK89: 0.5 | AL89: 0 | AM89: =COUNTIFS($D$2:$D$2501,D89,$G$2:$G$2501,">"&G89)+COUNTIFS($D$2:D89,D89,$G$2:G89,G89) -> 2 | AN89: =D89&"|"&AM89 -> AI 紅隊評估|2
A90: =RANK(G90,$G$2:$G$2501)+COUNTIF($G$2:G90,G90)-1 -> 89 | B90: mistralai/Ministral-3-3B-Instruct-2512-BF16 | C90: mistralai | D90: 分析與報告生成 | E90: 告警分診摘要、ATT&CK 對映、事件報告初稿 (需人工確認) | G90: =ROUND(SUM(I90:P90),3) -> 78.582 | H90: =IF(G90>=評分方法!$C$16,"優先評估",IF(G90>=評分方法!$C$17,"列入候選",IF(G90>=評分方法!$C$18,"特定情境","不建議"))) -> 列入候選 | I90: =AE90*評分方法!$C$5 -> 25.5 | J90: =AF90*評分方法!$C$6 -> 0 | K90: =AG90*評分方法!$C$7 -> 15 | L90: =AH90*評分方法!$C$8 -> 13.05 | M90: =AI90*評分方法!$C$9 -> 10 | N90: =AJ90*評分方法!$C$10 -> 5.032 | O90: =AK90*評分方法!$C$11 -> 5 | P90: =AL90*評分方法!$C$12 -> 5 | Q90: 542586 | R90: 4251743232 | S90: 10 億至 100 億 | T90: apache-2.0 | U90: 寬鬆授權 | V90: safetensors | W90: 原始開發組織 | X90: 標示支援 | Y90: mistralai/Ministral-3-3B-Base-2512 | Z90: finetune | AA90: text-generation | AB90: 依模型架構推定 | AC90: 任務類型依模型架構推定 | AD90: https://huggingface.co/mistralai/Ministral-3-3B-Instruct-2512-BF16 | AE90: 0.85 | AF90: 0 | AG90: 1 | AH90: 0.87 | AI90: 1 | AJ90: 0.5032 | AK90: 1 | AL90: 1 | AM90: =COUNTIFS($D$2:$D$2501,D90,$G$2:$G$2501,">"&G90)+COUNTIFS($D$2:D90,D90,$G$2:G90,G90) -> 17 | AN90: =D90&"|"&AM90 -> 分析與報告生成|17
A91: =RANK(G91,$G$2:$G$2501)+COUNTIF($G$2:G91,G91)-1 -> 90 | B91: ibm-granite/granite-guardian-3.3-8b | C91: ibm-granite | D91: AI 應用防護 | E91: AI 應用的提示注入、越獄與有害內容偵測 | F91: AI 應用防護 | G91: =ROUND(SUM(I91:P91),3) -> 78.558 | H91: =IF(G91>=評分方法!$C$16,"優先評估",IF(G91>=評分方法!$C$17,"列入候選",IF(G91>=評分方法!$C$18,"特定情境","不建議"))) -> 列入候選 | I91: =AE91*評分方法!$C$5 -> 25.5 | J91: =AF91*評分方法!$C$6 -> 10 | K91: =AG91*評分方法!$C$7 -> 15 | L91: =AH91*評分方法!$C$8 -> 13.05 | M91: =AI91*評分方法!$C$9 -> 10 | N91: =AJ91*評分方法!$C$10 -> 2.508 | O91: =AK91*評分方法!$C$11 -> 2.5 | P91: =AL91*評分方法!$C$12 -> 0 | Q91: 250352 | R91: 8170864640 | S91: 10 億至 100 億 | T91: apache-2.0 | U91: 寬鬆授權 | V91: safetensors | W91: 原始開發組織 | X91: 未標示中文 | AA91: text-generation | AB91: 作者標示 | AD91: https://huggingface.co/ibm-granite/granite-guardian-3.3-8b | AE91: 0.85 | AF91: 1 | AG91: 1 | AH91: 0.87 | AI91: 1 | AJ91: 0.2508 | AK91: 0.5 | AL91: 0 | AM91: =COUNTIFS($D$2:$D$2501,D91,$G$2:$G$2501,">"&G91)+COUNTIFS($D$2:D91,D91,$G$2:G91,G91) -> 10 | AN91: =D91&"|"&AM91 -> AI 應用防護|10
A92: =RANK(G92,$G$2:$G$2501)+COUNTIF($G$2:G92,G92)-1 -> 91 | B92: mixedbread-ai/mxbai-rerank-xsmall-v1 | C92: mixedbread-ai | D92: 檢索與情資關聯 | E92: 威脅情資語意搜尋、相似告警比對、事件知識庫 RAG | G92: =ROUND(SUM(I92:P92),3) -> 78.528 | H92: =IF(G92>=評分方法!$C$16,"優先評估",IF(G92>=評分方法!$C$17,"列入候選",IF(G92>=評分方法!$C$18,"特定情境","不建議"))) -> 列入候選 | I92: =AE92*評分方法!$C$5 -> 27 | J92: =AF92*評分方法!$C$6 -> 0 | K92: =AG92*評分方法!$C$7 -> 15 | L92: =AH92*評分方法!$C$8 -> 15 | M92: =AI92*評分方法!$C$9 -> 10 | N92: =AJ92*評分方法!$C$10 -> 9.028 | O92: =AK92*評分方法!$C$11 -> 2.5 | P92: =AL92*評分方法!$C$12 -> 0 | Q92: 3989372 | R92: 70830337 | S92: 10 億以下 | T92: apache-2.0 | U92: 寬鬆授權 | V92: safetensors;onnx | W92: 原始開發組織 | X92: 未標示中文 | AA92: text-ranking | AB92: 作者標示 | AD92: https://huggingface.co/mixedbread-ai/mxbai-rerank-xsmall-v1 | AE92: 0.9 | AF92: 0 | AG92: 1 | AH92: 1 | AI92: 1 | AJ92: 0.9028 | AK92: 0.5 | AL92: 0 | AM92: =COUNTIFS($D$2:$D$2501,D92,$G$2:$G$2501,">"&G92)+COUNTIFS($D$2:D92,D92,$G$2:G92,G92) -> 46 | AN92: =D92&"|"&AM92 -> 檢索與情資關聯|46
A93: =RANK(G93,$G$2:$G$2501)+COUNTIF($G$2:G93,G93)-1 -> 92 | B93: OpenMed/privacy-filter-multilingual-v2 | C93: OpenMed | D93: 個資偵測與去識別化 | E93: 個資偵測與遮蔽 | F93: 個資偵測與去識別化 | G93: =ROUND(SUM(I93:P93),3) -> 78.516 | H93: =IF(G93>=評分方法!$C$16,"優先評估",IF(G93>=評分方法!$C$17,"列入候選",IF(G93>=評分方法!$C$18,"特定情境","不建議"))) -> 列入候選 | I93: =AE93*評分方法!$C$5 -> 28.5 | J93: =AF93*評分方法!$C$6 -> 10 | K93: =AG93*評分方法!$C$7 -> 4.95 | L93: =AH93*評分方法!$C$8 -> 13.05 | M93: =AI93*評分方法!$C$9 -> 10 | N93: =AJ93*評分方法!$C$10 -> 2.016 | O93: =AK93*評分方法!$C$11 -> 5 | P93: =AL93*評分方法!$C$12 -> 5 | Q93: 212123 | R93: 1399604809 | S93: 10 億至 100 億 | T93: apache-2.0 | U93: 寬鬆授權 | V93: safetensors | W93: 其他帳號 | X93: 標示支援 | Y93: openai/privacy-filter | Z93: finetune | AA93: token-classification | AB93: 作者標示 | AD93: https://huggingface.co/OpenMed/privacy-filter-multilingual-v2 | AE93: 0.95 | AF93: 1 | AG93: 0.33 | AH93: 0.87 | AI93: 1 | AJ93: 0.2016 | AK93: 1 | AL93: 1 | AM93: =COUNTIFS($D$2:$D$2501,D93,$G$2:$G$2501,">"&G93)+COUNTIFS($D$2:D93,D93,$G$2:G93,G93) -> 8 | AN93: =D93&"|"&AM93 -> 個資偵測與去識別化|8
A94: =RANK(G94,$G$2:$G$2501)+COUNTIF($G$2:G94,G94)-1 -> 93 | B94: google/gemma-4-E2B | C94: google | D94: 分析與報告生成 | E94: 告警分診摘要、ATT&CK 對映、事件報告初稿 (需人工確認) | G94: =ROUND(SUM(I94:P94),3) -> 78.502 | H94: =IF(G94>=評分方法!$C$16,"優先評估",IF(G94>=評分方法!$C$17,"列入候選",IF(G94>=評分方法!$C$18,"特定情境","不建議"))) -> 列入候選 | I94: =AE94*評分方法!$C$5 -> 24 | J94: =AF94*評分方法!$C$6 -> 0 | K94: =AG94*評分方法!$C$7 -> 15 | L94: =AH94*評分方法!$C$8 -> 13.05 | M94: =AI94*評分方法!$C$9 -> 10 | N94: =AJ94*評分方法!$C$10 -> 8.452 | O94: =AK94*評分方法!$C$11 -> 5 | P94: =AL94*評分方法!$C$12 -> 3 | Q94: 2125757 | R94: 5123178051 | S94: 10 億至 100 億 | T94: apache-2.0 | U94: 寬鬆授權 | V94: safetensors | W94: 原始開發組織 | X94: 大型語言模型, 未標示語言 | AA94: any-to-any | AB94: 作者標示 | AD94: https://huggingface.co/google/gemma-4-E2B | AE94: 0.8 | AF94: 0 | AG94: 1 | AH94: 0.87 | AI94: 1 | AJ94: 0.8452 | AK94: 1 | AL94: 0.6 | AM94: =COUNTIFS($D$2:$D$2501,D94,$G$2:$G$2501,">"&G94)+COUNTIFS($D$2:D94,D94,$G$2:G94,G94) -> 18 | AN94: =D94&"|"&AM94 -> 分析與報告生成|18
A95: =RANK(G95,$G$2:$G$2501)+COUNTIF($G$2:G95,G95)-1 -> 94 | B95: google/gemma-4-E2B-it-qat-w4a16-ct | C95: google | D95: 分析與報告生成 | E95: 告警分診摘要、ATT&CK 對映、事件報告初稿 (需人工確認) | G95: =ROUND(SUM(I95:P95),3) -> 78.346 | H95: =IF(G95>=評分方法!$C$16,"優先評估",IF(G95>=評分方法!$C$17,"列入候選",IF(G95>=評分方法!$C$18,"特定情境","不建議"))) -> 列入候選 | I95: =AE95*評分方法!$C$5 -> 24 | J95: =AF95*評分方法!$C$6 -> 0 | K95: =AG95*評分方法!$C$7 -> 15 | L95: =AH95*評分方法!$C$8 -> 13.05 | M95: =AI95*評分方法!$C$9 -> 10 | N95: =AJ95*評分方法!$C$10 -> 8.296 | O95: =AK95*評分方法!$C$11 -> 5 | P95: =AL95*評分方法!$C$12 -> 3 | Q95: 1931454 | R95: 5506950723 | S95: 10 億至 100 億 | T95: apache-2.0 | U95: 寬鬆授權 | V95: safetensors | W95: 原始開發組織 | X95: 大型語言模型, 未標示語言 | Y95: google/gemma-4-E2B-it-qat-q4_0-unquantized | Z95: quantized | AA95: any-to-any | AB95: 作者標示 | AC95: 量化版本 | AD95: https://huggingface.co/google/gemma-4-E2B-it-qat-w4a16-ct | AE95: 0.8 | AF95: 0 | AG95: 1 | AH95: 0.87 | AI95: 1 | AJ95: 0.8296 | AK95: 1 | AL95: 0.6 | AM95: =COUNTIFS($D$2:$D$2501,D95,$G$2:$G$2501,">"&G95)+COUNTIFS($D$2:D95,D95,$G$2:G95,G95) -> 19 | AN95: =D95&"|"&AM95 -> 分析與報告生成|19
A96: =RANK(G96,$G$2:$G$2501)+COUNTIF($G$2:G96,G96)-1 -> 95 | B96: google/gemma-4-E4B-it-qat-w4a16-ct | C96: google | D96: 分析與報告生成 | E96: 告警分診摘要、ATT&CK 對映、事件報告初稿 (需人工確認) | G96: =ROUND(SUM(I96:P96),3) -> 78.326 | H96: =IF(G96>=評分方法!$C$16,"優先評估",IF(G96>=評分方法!$C$17,"列入候選",IF(G96>=評分方法!$C$18,"特定情境","不建議"))) -> 列入候選 | I96: =AE96*評分方法!$C$5 -> 24 | J96: =AF96*評分方法!$C$6 -> 0 | K96: =AG96*評分方法!$C$7 -> 15 | L96: =AH96*評分方法!$C$8 -> 13.05 | M96: =AI96*評分方法!$C$9 -> 10 | N96: =AJ96*評分方法!$C$10 -> 8.276 | O96: =AK96*評分方法!$C$11 -> 5 | P96: =AL96*評分方法!$C$12 -> 3 | Q96: 1923768 | R96: 8612189514 | S96: 10 億至 100 億 | T96: apache-2.0 | U96: 寬鬆授權 | V96: safetensors | W96: 原始開發組織 | X96: 大型語言模型, 未標示語言 | Y96: google/gemma-4-E4B-it-qat-q4_0-unquantized | Z96: quantized | AA96: any-to-any | AB96: 作者標示 | AC96: 量化版本 | AD96: https://huggingface.co/google/gemma-4-E4B-it-qat-w4a16-ct | AE96: 0.8 | AF96: 0 | AG96: 1 | AH96: 0.87 | AI96: 1 | AJ96: 0.8276 | AK96: 1 | AL96: 0.6 | AM96: =COUNTIFS($D$2:$D$2501,D96,$G$2:$G$2501,">"&G96)+COUNTIFS($D$2:D96,D96,$G$2:G96,G96) -> 20 | AN96: =D96&"|"&AM96 -> 分析與報告生成|20
A97: =RANK(G97,$G$2:$G$2501)+COUNTIF($G$2:G97,G97)-1 -> 96 | B97: protectai/xlm-roberta-base-language-detection-onnx | C97: protectai | D97: 分類與偵測 | E97: 告警分類、釣魚郵件判斷、日誌事件分類 (需以資安資料微調) | G97: =ROUND(SUM(I97:P97),3) -> 78.266 | H97: =IF(G97>=評分方法!$C$16,"優先評估",IF(G97>=評分方法!$C$17,"列入候選",IF(G97>=評分方法!$C$18,"特定情境","不建議"))) -> 列入候選 | I97: =AE97*評分方法!$C$5 -> 30 | J97: =AF97*評分方法!$C$6 -> 0 | K97: =AG97*評分方法!$C$7 -> 15 | L97: =AH97*評分方法!$C$8 -> 7.05 | M97: =AI97*評分方法!$C$9 -> 10 | N97: =AJ97*評分方法!$C$10 -> 6.216 | O97: =AK97*評分方法!$C$11 -> 5 | P97: =AL97*評分方法!$C$12 -> 5 | Q97: 672586 | S97: 未標示 | T97: mit | U97: 寬鬆授權 | V97: onnx | W97: 原始開發組織 | X97: 標示支援 | Y97: papluca/xlm-roberta-base-language-detection | Z97: quantized | AA97: text-classification | AB97: 作者標示 | AC97: 量化版本 | AD97: https://huggingface.co/protectai/xlm-roberta-base-language-detection-onnx | AE97: 1 | AF97: 0 | AG97: 1 | AH97: 0.47 | AI97: 1 | AJ97: 0.6216 | AK97: 1 | AL97: 1 | AM97: =COUNTIFS($D$2:$D$2501,D97,$G$2:$G$2501,">"&G97)+COUNTIFS($D$2:D97,D97,$G$2:G97,G97) -> 1 | AN97: =D97&"|"&AM97 -> 分類與偵測|1
A98: =RANK(G98,$G$2:$G$2501)+COUNTIF($G$2:G98,G98)-1 -> 97 | B98: cross-encoder/nli-deberta-v3-small | C98: cross-encoder | D98: 分類與偵測 | E98: 告警分類、釣魚郵件判斷、日誌事件分類 (需以資安資料微調) | G98: =ROUND(SUM(I98:P98),3) -> 78.26 | H98: =IF(G98>=評分方法!$C$16,"優先評估",IF(G98>=評分方法!$C$17,"列入候選",IF(G98>=評分方法!$C$18,"特定情境","不建議"))) -> 列入候選 | I98: =AE98*評分方法!$C$5 -> 27 | J98: =AF98*評分方法!$C$6 -> 0 | K98: =AG98*評分方法!$C$7 -> 15 | L98: =AH98*評分方法!$C$8 -> 15 | M98: =AI98*評分方法!$C$9 -> 10 | N98: =AJ98*評分方法!$C$10 -> 8.76 | O98: =AK98*評分方法!$C$11 -> 2.5 | P98: =AL98*評分方法!$C$12 -> 0 | Q98: 2913723 | R98: 141897731 | S98: 10 億以下 | T98: apache-2.0 | U98: 寬鬆授權 | V98: safetensors;pytorch;onnx | W98: 原始開發組織 | X98: 未標示中文 | Y98: microsoft/deberta-v3-small | Z98: quantized | AA98: zero-shot-classification | AB98: 作者標示 | AC98: 量化版本 | AD98: https://huggingface.co/cross-encoder/nli-deberta-v3-small | AE98: 0.9 | AF98: 0 | AG98: 1 | AH98: 1 | AI98: 1 | AJ98: 0.876 | AK98: 0.5 | AL98: 0 | AM98: =COUNTIFS($D$2:$D$2501,D98,$G$2:$G$2501,">"&G98)+COUNTIFS($D$2:D98,D98,$G$2:G98,G98) -> 2 | AN98: =D98&"|"&AM98 -> 分類與偵測|2
A99: =RANK(G99,$G$2:$G$2501)+COUNTIF($G$2:G99,G99)-1 -> 98 | B99: sentence-transformers/distilbert-base-nli-mean-tokens | C99: sentence-transformers | D99: 檢索與情資關聯 | E99: 威脅情資語意搜尋、相似告警比對、事件知識庫 RAG | G99: =ROUND(SUM(I99:P99),3) -> 78.184 | H99: =IF(G99>=評分方法!$C$16,"優先評估",IF(G99>=評分方法!$C$17,"列入候選",IF(G99>=評分方法!$C$18,"特定情境","不建議"))) -> 列入候選 | I99: =AE99*評分方法!$C$5 -> 27 | J99: =AF99*評分方法!$C$6 -> 0 | K99: =AG99*評分方法!$C$7 -> 15 | L99: =AH99*評分方法!$C$8 -> 15 | M99: =AI99*評分方法!$C$9 -> 10 | N99: =AJ99*評分方法!$C$10 -> 7.184 | O99: =AK99*評分方法!$C$11 -> 2.5 | P99: =AL99*評分方法!$C$12 -> 1.5 | Q99: 992384 | R99: 66362880 | S99: 10 億以下 | T99: apache-2.0 | U99: 寬鬆授權 | V99: safetensors;pytorch;onnx;tensorflow | W99: 原始開發組織 | X99: 未標示 | AA99: feature-extraction | AB99: 作者標示 | AD99: https://huggingface.co/sentence-transformers/distilbert-base-nli-mean-tokens | AE99: 0.9 | AF99: 0 | AG99: 1 | AH99: 1 | AI99: 1 | AJ99: 0.7184 | AK99: 0.5 | AL99: 0.3 | AM99: =COUNTIFS($D$2:$D$2501,D99,$G$2:$G$2501,">"&G99)+COUNTIFS($D$2:D99,D99,$G$2:G99,G99) -> 47 | AN99: =D99&"|"&AM99 -> 檢索與情資關聯|47
A100: =RANK(G100,$G$2:$G$2501)+COUNTIF($G$2:G100,G100)-1 -> 99 | B100: LiquidAI/LFM2.5-2.6B-GGUF | C100: LiquidAI | D100: 分析與報告生成 | E100: 告警分診摘要、ATT&CK 對映、事件報告初稿 (需人工確認) | G100: =ROUND(SUM(I100:P100),3) -> 78.146 | H100: =IF(G100>=評分方法!$C$16,"優先評估",IF(G100>=評分方法!$C$17,"列入候選",IF(G100>=評分方法!$C$18,"特定情境","不建議"))) -> 列入候選 | I100: =AE100*評分方法!$C$5 -> 25.5 | J100: =AF100*評分方法!$C$6 -> 0 | K100: =AG100*評分方法!$C$7 -> 15 | L100: =AH100*評分方法!$C$8 -> 13.05 | M100: =AI100*評分方法!$C$9 -> 6 | N100: =AJ100*評分方法!$C$10 -> 8.596 | O100: =AK100*評分方法!$C$11 -> 5 | P100: =AL100*評分方法!$C$12 -> 5 | Q100: 2488754 | R100: 2697198592 | S100: 10 億至 100 億 | T100: other | U100: 自訂授權, 需法務審查 | V100: safetensors;gguf | W100: 原始開發組織 | X100: 標示支援 | Y100: LiquidAI/LFM2.5-2.6B | Z100: quantized | AA100: text-generation | AB100: 作者標示 | AC100: 量化版本; 授權需確認 | AD100: https://huggingface.co/LiquidAI/LFM2.5-2.6B-GGUF | AE100: 0.85 | AF100: 0 | AG100: 1 | AH100: 0.87 | AI100: 0.6 | AJ100: 0.8596 | AK100: 1 | AL100: 1 | AM100: =COUNTIFS($D$2:$D$2501,D100,$G$2:$G$2501,">"&G100)+COUNTIFS($D$2:D100,D100,$G$2:G100,G100) -> 21 | AN100: =D100&"|"&AM100 -> 分析與報告生成|21
...

Sheet 依用途前十
A1: 各資安用途類別的前十名
A2: 依「資安適用排名」分頁的類別內排名查詢; 修改權重後會自動更新. 類別依通過篩選模型中的最高分排序.
A4: 資安用途類別 | B4: 類別內排名 | C4: 模型 ID | D4: 總分 | E4: 適用等級 | F4: 建議用途
A5: AI 應用防護 | B5: 1 | C5: =IFERROR(INDEX(資安適用排名!$B$2:$B$2501,MATCH($A5&"|"&$B5,資安適用排名!$AN$2:$AN$2501,0)),"") -> protectai/deberta-v3-base-prompt-injection-v2 | D5: =IFERROR(INDEX(資安適用排名!$G$2:$G$2501,MATCH($A5&"|"&$B5,資安適用排名!$AN$2:$AN$2501,0)),"") -> 93.848 | E5: =IFERROR(INDEX(資安適用排名!$H$2:$H$2501,MATCH($A5&"|"&$B5,資安適用排名!$AN$2:$AN$2501,0)),"") -> 優先評估 | F5: =IFERROR(INDEX(資安適用排名!$E$2:$E$2501,MATCH($A5&"|"&$B5,資安適用排名!$AN$2:$AN$2501,0)),"") -> AI 應用的提示注入、越獄與有害內容偵測
A6: AI 應用防護 | B6: 2 | C6: =IFERROR(INDEX(資安適用排名!$B$2:$B$2501,MATCH($A6&"|"&$B6,資安適用排名!$AN$2:$AN$2501,0)),"") -> meta-llama/Prompt-Guard-86M | D6: =IFERROR(INDEX(資安適用排名!$G$2:$G$2501,MATCH($A6&"|"&$B6,資安適用排名!$AN$2:$AN$2501,0)),"") -> 89.792 | E6: =IFERROR(INDEX(資安適用排名!$H$2:$H$2501,MATCH($A6&"|"&$B6,資安適用排名!$AN$2:$AN$2501,0)),"") -> 優先評估 | F6: =IFERROR(INDEX(資安適用排名!$E$2:$E$2501,MATCH($A6&"|"&$B6,資安適用排名!$AN$2:$AN$2501,0)),"") -> AI 應用的提示注入、越獄與有害內容偵測
A7: AI 應用防護 | B7: 3 | C7: =IFERROR(INDEX(資安適用排名!$B$2:$B$2501,MATCH($A7&"|"&$B7,資安適用排名!$AN$2:$AN$2501,0)),"") -> protectai/deberta-v3-base-prompt-injection | D7: =IFERROR(INDEX(資安適用排名!$G$2:$G$2501,MATCH($A7&"|"&$B7,資安適用排名!$AN$2:$AN$2501,0)),"") -> 88.328 | E7: =IFERROR(INDEX(資安適用排名!$H$2:$H$2501,MATCH($A7&"|"&$B7,資安適用排名!$AN$2:$AN$2501,0)),"") -> 優先評估 | F7: =IFERROR(INDEX(資安適用排名!$E$2:$E$2501,MATCH($A7&"|"&$B7,資安適用排名!$AN$2:$AN$2501,0)),"") -> AI 應用的提示注入、越獄與有害內容偵測
A8: AI 應用防護 | B8: 4 | C8: =IFERROR(INDEX(資安適用排名!$B$2:$B$2501,MATCH($A8&"|"&$B8,資安適用排名!$AN$2:$AN$2501,0)),"") -> meta-llama/Llama-Prompt-Guard-2-86M | D8: =IFERROR(INDEX(資安適用排名!$G$2:$G$2501,MATCH($A8&"|"&$B8,資安適用排名!$AN$2:$AN$2501,0)),"") -> 84.908 | E8: =IFERROR(INDEX(資安適用排名!$H$2:$H$2501,MATCH($A8&"|"&$B8,資安適用排名!$AN$2:$AN$2501,0)),"") -> 優先評估 | F8: =IFERROR(INDEX(資安適用排名!$E$2:$E$2501,MATCH($A8&"|"&$B8,資安適用排名!$AN$2:$AN$2501,0)),"") -> AI 應用的提示注入、越獄與有害內容偵測
A9: AI 應用防護 | B9: 5 | C9: =IFERROR(INDEX(資安適用排名!$B$2:$B$2501,MATCH($A9&"|"&$B9,資安適用排名!$AN$2:$AN$2501,0)),"") -> allenai/wildguard | D9: =IFERROR(INDEX(資安適用排名!$G$2:$G$2501,MATCH($A9&"|"&$B9,資安適用排名!$AN$2:$AN$2501,0)),"") -> 83.138 | E9: =IFERROR(INDEX(資安適用排名!$H$2:$H$2501,MATCH($A9&"|"&$B9,資安適用排名!$AN$2:$AN$2501,0)),"") -> 優先評估 | F9: =IFERROR(INDEX(資安適用排名!$E$2:$E$2501,MATCH($A9&"|"&$B9,資安適用排名!$AN$2:$AN$2501,0)),"") -> AI 應用的提示注入、越獄與有害內容偵測
A10: AI 應用防護 | B10: 6 | C10: =IFERROR(INDEX(資安適用排名!$B$2:$B$2501,MATCH($A10&"|"&$B10,資安適用排名!$AN$2:$AN$2501,0)),"") -> nvidia/Nemotron-3.5-Content-Safety | D10: =IFERROR(INDEX(資安適用排名!$G$2:$G$2501,MATCH($A10&"|"&$B10,資安適用排名!$AN$2:$AN$2501,0)),"") -> 83.09 | E10: =IFERROR(INDEX(資安適用排名!$H$2:$H$2501,MATCH($A10&"|"&$B10,資安適用排名!$AN$2:$AN$2501,0)),"") -> 優先評估 | F10: =IFERROR(INDEX(資安適用排名!$E$2:$E$2501,MATCH($A10&"|"&$B10,資安適用排名!$AN$2:$AN$2501,0)),"") -> AI 應用的提示注入、越獄與有害內容偵測
A11: AI 應用防護 | B11: 7 | C11: =IFERROR(INDEX(資安適用排名!$B$2:$B$2501,MATCH($A11&"|"&$B11,資安適用排名!$AN$2:$AN$2501,0)),"") -> GuardrailsAI/prompt-saturation-attack-detector | D11: =IFERROR(INDEX(資安適用排名!$G$2:$G$2501,MATCH($A11&"|"&$B11,資安適用排名!$AN$2:$AN$2501,0)),"") -> 80.852 | E11: =IFERROR(INDEX(資安適用排名!$H$2:$H$2501,MATCH($A11&"|"&$B11,資安適用排名!$AN$2:$AN$2501,0)),"") -> 優先評估 | F11: =IFERROR(INDEX(資安適用排名!$E$2:$E$2501,MATCH($A11&"|"&$B11,資安適用排名!$AN$2:$AN$2501,0)),"") -> AI 應用的提示注入、越獄與有害內容偵測
A12: AI 應用防護 | B12: 8 | C12: =IFERROR(INDEX(資安適用排名!$B$2:$B$2501,MATCH($A12&"|"&$B12,資安適用排名!$AN$2:$AN$2501,0)),"") -> openai/gpt-oss-safeguard-20b | D12: =IFERROR(INDEX(資安適用排名!$G$2:$G$2501,MATCH($A12&"|"&$B12,資安適用排名!$AN$2:$AN$2501,0)),"") -> 80.84 | E12: =IFERROR(INDEX(資安適用排名!$H$2:$H$2501,MATCH($A12&"|"&$B12,資安適用排名!$AN$2:$AN$2501,0)),"") -> 優先評估 | F12: =IFERROR(INDEX(資安適用排名!$E$2:$E$2501,MATCH($A12&"|"&$B12,資安適用排名!$AN$2:$AN$2501,0)),"") -> AI 應用的提示注入、越獄與有害內容偵測
A13: AI 應用防護 | B13: 9 | C13: =IFERROR(INDEX(資安適用排名!$B$2:$B$2501,MATCH($A13&"|"&$B13,資安適用排名!$AN$2:$AN$2501,0)),"") -> ibm-granite/granite-guardian-4.1-8b | D13: =IFERROR(INDEX(資安適用排名!$G$2:$G$2501,MATCH($A13&"|"&$B13,資安適用排名!$AN$2:$AN$2501,0)),"") -> 80.642 | E13: =IFERROR(INDEX(資安適用排名!$H$2:$H$2501,MATCH($A13&"|"&$B13,資安適用排名!$AN$2:$AN$2501,0)),"") -> 優先評估 | F13: =IFERROR(INDEX(資安適用排名!$E$2:$E$2501,MATCH($A13&"|"&$B13,資安適用排名!$AN$2:$AN$2501,0)),"") -> AI 應用的提示注入、越獄與有害內容偵測
A14: AI 應用防護 | B14: 10 | C14: =IFERROR(INDEX(資安適用排名!$B$2:$B$2501,MATCH($A14&"|"&$B14,資安適用排名!$AN$2:$AN$2501,0)),"") -> ibm-granite/granite-guardian-3.3-8b | D14: =IFERROR(INDEX(資安適用排名!$G$2:$G$2501,MATCH($A14&"|"&$B14,資安適用排名!$AN$2:$AN$2501,0)),"") -> 78.558 | E14: =IFERROR(INDEX(資安適用排名!$H$2:$H$2501,MATCH($A14&"|"&$B14,資安適用排名!$AN$2:$AN$2501,0)),"") -> 列入候選 | F14: =IFERROR(INDEX(資安適用排名!$E$2:$E$2501,MATCH($A14&"|"&$B14,資安適用排名!$AN$2:$AN$2501,0)),"") -> AI 應用的提示注入、越獄與有害內容偵測
A15: 個資偵測與去識別化 | B15: 1 | C15: =IFERROR(INDEX(資安適用排名!$B$2:$B$2501,MATCH($A15&"|"&$B15,資安適用排名!$AN$2:$AN$2501,0)),"") -> gravitee-io/bert-small-pii-detection | D15: =IFERROR(INDEX(資安適用排名!$G$2:$G$2501,MATCH($A15&"|"&$B15,資安適用排名!$AN$2:$AN$2501,0)),"") -> 91.272 | E15: =IFERROR(INDEX(資安適用排名!$H$2:$H$2501,MATCH($A15&"|"&$B15,資安適用排名!$AN$2:$AN$2501,0)),"") -> 優先評估 | F15: =IFERROR(INDEX(資安適用排名!$E$2:$E$2501,MATCH($A15&"|"&$B15,資安適用排名!$AN$2:$AN$2501,0)),"") -> 個資偵測與遮蔽
A16: 個資偵測與去識別化 | B16: 2 | C16: =IFERROR(INDEX(資安適用排名!$B$2:$B$2501,MATCH($A16&"|"&$B16,資安適用排名!$AN$2:$AN$2501,0)),"") -> openai/privacy-filter | D16: =IFERROR(INDEX(資安適用排名!$G$2:$G$2501,MATCH($A16&"|"&$B16,資安適用排名!$AN$2:$AN$2501,0)),"") -> 90.486 | E16: =IFERROR(INDEX(資安適用排名!$H$2:$H$2501,MATCH($A16&"|"&$B16,資安適用排名!$AN$2:$AN$2501,0)),"") -> 優先評估 | F16: =IFERROR(INDEX(資安適用排名!$E$2:$E$2501,MATCH($A16&"|"&$B16,資安適用排名!$AN$2:$AN$2501,0)),"") -> 個資偵測與遮蔽
... A152: 其他 | B152: 10 | C152: =IFERROR(INDEX(資安適用排名!$B$2:$B$2501,MATCH($A152&"|"&$B152,資安適用排名!$AN$2:$AN$2501,0)),"") -> kyutai/moshiko-pytorch-bf16 | D152: =IFERROR(INDEX(資安適用排名!$G$2:$G$2501,MATCH($A152&"|"&$B152,資安適用排名!$AN$2:$AN$2501,0)),"") -> 52.486 | E152: =IFERROR(INDEX(資安適用排名!$H$2:$H$2501,MATCH($A152&"|"&$B152,資安適用排名!$AN$2:$AN$2501,0)),"") -> 不建議 | F152: =IFERROR(INDEX(資安適用排名!$E$2:$E$2501,MATCH($A152&"|"&$B152,資安適用排名!$AN$2:$AN$2501,0)),"") -> 用途有限

Sheet 排除清單
A1: 模型 ID | B1: 作者 | C1: 任務類型 | D1: 近六個月下載數 | E1: 主要排除原因 | F1: 全部不符條件 | G1: 條件代號 | H1: 模型頁面
A2: google/electra-base-discriminator | B2: google | C2: fill-mask | D2: 308762303 | E2: 只提供可執行程式碼的權重格式 (pickle 等) | F2: 只提供可執行程式碼的權重格式 (pickle 等) | G2: G3 | H2: https://huggingface.co/google/electra-base-discriminator
A3: openai/clip-vit-base-patch32 | B3: openai | C3: zero-shot-image-classification | D3: 135500974 | E3: 只提供可執行程式碼的權重格式 (pickle 等) | F3: 只提供可執行程式碼的權重格式 (pickle 等) | G3: G3 | H3: https://huggingface.co/openai/clip-vit-base-patch32
A4: nomic-ai/nomic-embed-text-v1.5 | B4: nomic-ai | C4: sentence-similarity | D4: 98440897 | E4: 需開啟 trust_remote_code | F4: 需開啟 trust_remote_code | G4: G4 | H4: https://huggingface.co/nomic-ai/nomic-embed-text-v1.5
A5: hexgrad/Kokoro-82M | B5: hexgrad | C5: text-to-speech | D5: 76160226 | E5: 只提供可執行程式碼的權重格式 (pickle 等) | F5: 只提供可執行程式碼的權重格式 (pickle 等); 生成影像、影音或語音, 無防禦用途 | G5: G3;G6 | H5: https://huggingface.co/hexgrad/Kokoro-82M
A6: Bingsu/adetailer | B6: Bingsu | D6: 71013084 | E6: 只提供可執行程式碼的權重格式 (pickle 等) | F6: 只提供可執行程式碼的權重格式 (pickle 等) | G6: G3 | H6: https://huggingface.co/Bingsu/adetailer
A7: facebook/opt-125m | B7: facebook | C7: text-generation | D7: 69907920 | E7: 只提供可執行程式碼的權重格式 (pickle 等) | F7: 只提供可執行程式碼的權重格式 (pickle 等) | G7: G3 | H7: https://huggingface.co/facebook/opt-125m
A8: argmaxinc/whisperkit-coreml | B8: argmaxinc | C8: automatic-speech-recognition | D8: 63846686 | E8: 只提供可執行程式碼的權重格式 (pickle 等) | F8: 只提供可執行程式碼的權重格式 (pickle 等) | G8: G3 | H8: https://huggingface.co/argmaxinc/whisperkit-coreml
A9: pyannote/speaker-diarization-3.1 | B9: pyannote | C9: automatic-speech-recognition | D9: 54307183 | E9: 無可辨識的權重檔 | F9: 無可辨識的權重檔 | G9: G3 | H9: https://huggingface.co/pyannote/speaker-diarization-3.1
A10: jonatasgrosman/wav2vec2-large-xlsr-53-japanese | B10: jonatasgrosman | C10: automatic-speech-recognition | D10: 53764638 | E10: 只提供可執行程式碼的權重格式 (pickle 等) | F10: 只提供可執行程式碼的權重格式 (pickle 等) | G10: G3 | H10: https://huggingface.co/jonatasgrosman/wav2vec2-large-xlsr-53-japanese
A11: coqui/XTTS-v2 | B11: coqui | C11: text-to-speech | D11: 52205233 | E11: 只提供可執行程式碼的權重格式 (pickle 等) | F11: 只提供可執行程式碼的權重格式 (pickle 等); 生成影像、影音或語音, 無防禦用途 | G11: G3;G6 | H11: https://huggingface.co/coqui/XTTS-v2
A12: facebook/contriever | B12: facebook | C12: sentence-similarity | D12: 49682464 | E12: 只提供可執行程式碼的權重格式 (pickle 等) | F12: 只提供可執行程式碼的權重格式 (pickle 等) | G12: G3 | H12: https://huggingface.co/facebook/contriever
A13: pyannote/wespeaker-voxceleb-resnet34-LM | B13: pyannote | D13: 45997487 | E13: 只提供可執行程式碼的權重格式 (pickle 等) | F13: 只提供可執行程式碼的權重格式 (pickle 等) | G13: G3 | H13: https://huggingface.co/pyannote/wespeaker-voxceleb-resnet34-LM
A14: pyannote/segmentation-3.0 | B14: pyannote | C14: voice-activity-detection | D14: 41752150 | E14: 只提供可執行程式碼的權重格式 (pickle 等) | F14: 只提供可執行程式碼的權重格式 (pickle 等) | G14: G3 | H14: https://huggingface.co/pyannote/segmentation-3.0
A15: Comfy-Org/stable-diffusion-1.5 | B15: Comfy-Org | C15: text-to-image | D15: 41529326 | E15: 生成影像、影音或語音, 無防禦用途 | F15: 生成影像、影音或語音, 無防禦用途 | G15: G6 | H15: https://huggingface.co/Comfy-Org/stable-diffusion-1.5
A16: ProsusAI/finbert | B16: ProsusAI | C16: text-classification | D16: 36817267 | E16: 授權不允許商用 | F16: 授權不允許商用 | G16: G5 | H16: https://huggingface.co/ProsusAI/finbert
A17: Comfy-Org/Z-Image-Turbo | B17: Comfy-Org | C17: text-to-image | D17: 35488555 | E17: 生成影像、影音或語音, 無防禦用途 | F17: 生成影像、影音或語音, 無防禦用途 | G17: G6 | H17: https://huggingface.co/Comfy-Org/Z-Image-Turbo
A18: pyannote/speaker-diarization-community-1 | B18: pyannote | C18: automatic-speech-recognition | D18: 28450974 | E18: 只提供可執行程式碼的權重格式 (pickle 等) | F18: 只提供可執行程式碼的權重格式 (pickle 等) | G18: G3 | H18: https://huggingface.co/pyannote/speaker-diarization-community-1
A19: nomic-ai/nomic-embed-text-v1 | B19: nomic-ai | C19: sentence-similarity | D19: 26466272 | E19: 需開啟 trust_remote_code | F19: 需開啟 trust_remote_code | G19: G4 | H19: https://huggingface.co/nomic-ai/nomic-embed-text-v1
A20: jonatasgrosman/wav2vec2-large-xlsr-53-portuguese | B20: jonatasgrosman | C20: automatic-speech-recognition | D20: 26217592 | E20: 只提供可執行程式碼的權重格式 (pickle 等) | F20: 只提供可執行程式碼的權重格式 (pickle 等) | G20: G3 | H20: https://huggingface.co/jonatasgrosman/wav2vec2-large-xlsr-53-portuguese
A21: jonatasgrosman/wav2vec2-large-xlsr-53-russian | B21: jonatasgrosman | C21: automatic-speech-recognition | D21: 23728775 | E21: 只提供可執行程式碼的權重格式 (pickle 等) | F21: 只提供可執行程式碼的權重格式 (pickle 等) | G21: G3 | H21: https://huggingface.co/jonatasgrosman/wav2vec2-large-xlsr-53-russian
A22: microsoft/mdeberta-v3-base | B22: microsoft | C22: fill-mask | D22: 23449375 | E22: 只提供可執行程式碼的權重格式 (pickle 等) | F22: 只提供可執行程式碼的權重格式 (pickle 等) | G22: G3 | H22: https://huggingface.co/microsoft/mdeberta-v3-base
A23: openai/clip-vit-large-patch14-336 | B23: openai | C23: zero-shot-image-classification | D23: 20579703 | E23: 只提供可執行程式碼的權重格式 (pickle 等) | F23: 只提供可執行程式碼的權重格式 (pickle 等) | G23: G3 | H23: https://huggingface.co/openai/clip-vit-large-patch14-336
A24: cardiffnlp/twitter-roberta-base-sentiment-latest | B24: cardiffnlp | C24: text-classification | D24: 19350168 | E24: 只提供可執行程式碼的權重格式 (pickle 等) | F24: 只提供可執行程式碼的權重格式 (pickle 等) | G24: G3 | H24: https://huggingface.co/cardiffnlp/twitter-roberta-base-sentiment-latest
A25: jonatasgrosman/wav2vec2-large-xlsr-53-polish | B25: jonatasgrosman | C25: automatic-speech-recognition | D25: 19265847 | E25: 只提供可執行程式碼的權重格式 (pickle 等) | F25: 只提供可執行程式碼的權重格式 (pickle 等) | G25: G3 | H25: https://huggingface.co/jonatasgrosman/wav2vec2-large-xlsr-53-polish
... A27: microsoft/Florence-2-base | B27: microsoft | C27: image-text-to-text | D27: 17775535 | E27: 需開啟 trust_remote_code | F27: 需開啟 trust_remote_code | G27: G4 | H27: https://huggingface.co/microsoft/Florence-2-base
A28: charactr/vocos-mel-24khz | B28: charactr | D28: 17572877 | E28: 只提供可執行程式碼的權重格式 (pickle 等) | F28: 只提供可執行程式碼的權重格式 (pickle 等) | G28: G3 | H28: https://huggingface.co/charactr/vocos-mel-24khz
A29: microsoft/deberta-v3-base | B29: microsoft | C29: fill-mask | D29: 17451361 | E29: 只提供可執行程式碼的權重格式 (pickle 等) | F29: 只提供可執行程式碼的權重格式 (pickle 等) | G29: G3 | H29: https://huggingface.co/microsoft/deberta-v3-base
A30: jinaai/jina-embeddings-v3 | B30: jinaai | C30: feature-extraction | D30: 17276258 | E30: 需開啟 trust_remote_code | F30: 需開啟 trust_remote_code; 授權不允許商用 | G30: G4;G5 | H30: https://huggingface.co/jinaai/jina-embeddings-v3
A31: MahmoudAshraf/mms-300m-1130-forced-aligner | B31: MahmoudAshraf | C31: automatic-speech-recognition | D31: 17244014 | E31: 授權不允許商用 | F31: 授權不允許商用 | G31: G5 | H31: https://huggingface.co/MahmoudAshraf/mms-300m-1130-forced-aligner
A32: facebook/wav2vec2-base | B32: facebook | C32: automatic-speech-recognition | D32: 17165074 | E32: 只提供可執行程式碼的權重格式 (pickle 等) | F32: 只提供可執行程式碼的權重格式 (pickle 等) | G32: G3 | H32: https://huggingface.co/facebook/wav2vec2-base
A33: E-MIMIC/inclusively-reformulation-it5 | B33: E-MIMIC | C33: text2text-generation | D33: 16969119 | E33: 授權不允許商用 | F33: 授權不允許商用 | G33: G5 | H33: https://huggingface.co/E-MIMIC/inclusively-reformulation-it5
A34: pyannote/segmentation | B34: pyannote | C34: voice-activity-detection | D34: 16802258 | E34: 只提供可執行程式碼的權重格式 (pickle 等) | F34: 只提供可執行程式碼的權重格式 (pickle 等) | G34: G3 | H34: https://huggingface.co/pyannote/segmentation
A35: emilyalsentzer/Bio_ClinicalBERT | B35: emilyalsentzer | C35: fill-mask | D35: 16679441 | E35: 只提供可執行程式碼的權重格式 (pickle 等) | F35: 只提供可執行程式碼的權重格式 (pickle 等) | G35: G3 | H35: https://huggingface.co/emilyalsentzer/Bio_ClinicalBERT
A36: Comfy-Org/Krea-2 | B36: Comfy-Org | C36: text-to-image | D36: 16577214 | E36: 生成影像、影音或語音, 無防禦用途 | F36: 生成影像、影音或語音, 無防禦用途 | G36: G6 | H36: https://huggingface.co/Comfy-Org/Krea-2
A37: jonatasgrosman/wav2vec2-large-xlsr-53-dutch | B37: jonatasgrosman | C37: automatic-speech-recognition | D37: 14947323 | E37: 只提供可執行程式碼的權重格式 (pickle 等) | F37: 只提供可執行程式碼的權重格式 (pickle 等) | G37: G3 | H37: https://huggingface.co/jonatasgrosman/wav2vec2-large-xlsr-53-dutch
A38: stabilityai/stable-diffusion-xl-base-1.0 | B38: stabilityai | C38: text-to-image | D38: 14699881 | E38: 生成影像、影音或語音, 無防禦用途 | F38: 生成影像、影音或語音, 無防禦用途 | G38: G6 | H38: https://huggingface.co/stabilityai/stable-diffusion-xl-base-1.0
A39: pyannote/voice-activity-detection | B39: pyannote | C39: automatic-speech-recognition | D39: 14634266 | E39: 無可辨識的權重檔 | F39: 無可辨識的權重檔 | G39: G3 | H39: https://huggingface.co/pyannote/voice-activity-detection
A40: indonesian-nlp/wav2vec2-indonesian-javanese-sundanese | B40: indonesian-nlp | C40: automatic-speech-recognition | D40: 14455986 | E40: 只提供可執行程式碼的權重格式 (pickle 等) | F40: 只提供可執行程式碼的權重格式 (pickle 等) | G40: G3 | H40: https://huggingface.co/indonesian-nlp/wav2vec2-indonesian-javanese-sundanese
A41: Systran/faster-whisper-small | B41: Systran | C41: automatic-speech-recognition | D41: 14419724 | E41: 只提供可執行程式碼的權重格式 (pickle 等) | F41: 只提供可執行程式碼的權重格式 (pickle 等) | G41: G3 | H41: https://huggingface.co/Systran/faster-whisper-small
A42: TostAI/nsfw-image-detection-large | B42: TostAI | D42: 13815113 | E42: 授權不允許商用 | F42: 授權不允許商用 | G42: G5 | H42: https://huggingface.co/TostAI/nsfw-image-detection-large
A43: vikhyatk/moondream2 | B43: vikhyatk | C43: image-text-to-text | D43: 13624317 | E43: 需開啟 trust_remote_code | F43: 需開啟 trust_remote_code | G43: G4 | H43: https://huggingface.co/vikhyatk/moondream2
A44: speechbrain/spkrec-ecapa-voxceleb | B44: speechbrain | D44: 13620482 | E44: 只提供可執行程式碼的權重格式 (pickle 等) | F44: 只提供可執行程式碼的權重格式 (pickle 等) | G44: G3 | H44: https://huggingface.co/speechbrain/spkrec-ecapa-voxceleb
A45: jonatasgrosman/wav2vec2-large-xlsr-53-greek | B45: jonatasgrosman | C45: automatic-speech-recognition | D45: 13373231 | E45: 只提供可執行程式碼的權重格式 (pickle 等) | F45: 只提供可執行程式碼的權重格式 (pickle 等) | G45: G3 | H45: https://huggingface.co/jonatasgrosman/wav2vec2-large-xlsr-53-greek
A46: ResembleAI/chatterbox | B46: ResembleAI | C46: text-to-speech | D46: 13036431 | E46: 生成影像、影音或語音, 無防禦用途 | F46: 生成影像、影音或語音, 無防禦用途 | G46: G6 | H46: https://huggingface.co/ResembleAI/chatterbox
A47: microsoft/TRELLIS-image-large | B47: microsoft | C47: image-to-3d | D47: 12859282 | E47: 生成影像、影音或語音, 無防禦用途 | F47: 生成影像、影音或語音, 無防禦用途 | G47: G6 | H47: https://huggingface.co/microsoft/TRELLIS-image-large
A48: jonatasgrosman/wav2vec2-large-xlsr-53-arabic | B48: jonatasgrosman | C48: automatic-speech-recognition | D48: 12249898 | E48: 只提供可執行程式碼的權重格式 (pickle 等) | F48: 只提供可執行程式碼的權重格式 (pickle 等) | G48: G3 | H48: https://huggingface.co/jonatasgrosman/wav2vec2-large-xlsr-53-arabic
A49: rhasspy/faster-whisper-tiny-int8 | B49: rhasspy | D49: 11950471 | E49: 只提供可執行程式碼的權重格式 (pickle 等) | F49: 只提供可執行程式碼的權重格式 (pickle 等) | G49: G3 | H49: https://huggingface.co/rhasspy/faster-whisper-tiny-int8
A50: Salesforce/blip-image-captioning-base | B50: Salesforce | C50: image-to-text | D50: 11941654 | E50: 只提供可執行程式碼的權重格式 (pickle 等) | F50: 只提供可執行程式碼的權重格式 (pickle 等) | G50: G3 | H50: https://huggingface.co/Salesforce/blip-image-captioning-base
A51: facebook/musicgen-medium | B51: facebook | C51: text-to-audio | D51: 11655525 | E51: 只提供可執行程式碼的權重格式 (pickle 等) | F51: 只提供可執行程式碼的權重格式 (pickle 等); 授權不允許商用; 生成影像、影音或語音, 無防禦用途 | G51: G3;G5;G6 | H51: https://huggingface.co/facebook/musicgen-medium
A52: facebook/esmfold_v1 | B52: facebook | D52: 11461586 | E52: 只提供可執行程式碼的權重格式 (pickle 等) | F52: 只提供可執行程式碼的權重格式 (pickle 等) | G52: G3 | H52: https://huggingface.co/facebook/esmfold_v1
A53: jonatasgrosman/wav2vec2-large-xlsr-53-hungarian | B53: jonatasgrosman | C53: automatic-speech-recognition | D53: 11209784 | E53: 只提供可執行程式碼的權重格式 (pickle 等) | F53: 只提供可執行程式碼的權重格式 (pickle 等) | G53: G3 | H53: https://huggingface.co/jonatasgrosman/wav2vec2-large-xlsr-53-hungarian
A54: dropbox-dash/faster-whisper-large-v3-turbo | B54: dropbox-dash | D54: 11006413 | E54: 只提供可執行程式碼的權重格式 (pickle 等) | F54: 只提供可執行程式碼的權重格式 (pickle 等) | G54: G3 | H54: https://huggingface.co/dropbox-dash/faster-whisper-large-v3-turbo
A55: Bingsu/yolo-world-mirror | B55: Bingsu | D55: 10789842 | E55: 只提供可執行程式碼的權重格式 (pickle 等) | F55: 只提供可執行程式碼的權重格式 (pickle 等) | G55: G3 | H55: https://huggingface.co/Bingsu/yolo-world-mirror
A56: microsoft/TRELLIS.2-4B | B56: microsoft | C56: image-to-3d | D56: 10479144 | E56: 生成影像、影音或語音, 無防禦用途 | F56: 生成影像、影音或語音, 無防禦用途 | G56: G6 | H56: https://huggingface.co/microsoft/TRELLIS.2-4B
A57: nvidia/bigvgan_v2_22khz_80band_256x | B57: nvidia | C57: audio-to-audio | D57: 10293514 | E57: 只提供可執行程式碼的權重格式 (pickle 等) | F57: 只提供可執行程式碼的權重格式 (pickle 等) | G57: G3 | H57: https://huggingface.co/nvidia/bigvgan_v2_22khz_80band_256x
A58: Lightricks/LTX-2.3 | B58: Lightricks | C58: image-to-video | D58: 10145343 | E58: 生成影像、影音或語音, 無防禦用途 | F58: 生成影像、影音或語音, 無防禦用途 | G58: G6 | H58: https://huggingface.co/Lightricks/LTX-2.3
A59: stable-diffusion-v1-5/stable-diffusion-v1-5 | B59: stable-diffusion-v1-5 | C59: text-to-image | D59: 10100628 | E59: 生成影像、影音或語音, 無防禦用途 | F59: 生成影像、影音或語音, 無防禦用途 | G59: G6 | H59: https://huggingface.co/stable-diffusion-v1-5/stable-diffusion-v1-5
A60: openai/clip-vit-base-patch16 | B60: openai | C60: zero-shot-image-classification | D60: 9952239 | E60: 只提供可執行程式碼的權重格式 (pickle 等) | F60: 只提供可執行程式碼的權重格式 (pickle 等) | G60: G3 | H60: https://huggingface.co/openai/clip-vit-base-patch16
A61: nvidia/NVIDIA-Nemotron-3-Nano-4B-BF16 | B61: nvidia | C61: text-generation | D61: 9716174 | E61: 需開啟 trust_remote_code | F61: 需開啟 trust_remote_code | G61: G4 | H61: https://huggingface.co/nvidia/NVIDIA-Nemotron-3-Nano-4B-BF16
A62: StanfordAIMI/stanford-deidentifier-base | B62: StanfordAIMI | C62: token-classification | D62: 9668580 | E62: 只提供可執行程式碼的權重格式 (pickle 等) | F62: 只提供可執行程式碼的權重格式 (pickle 等) | G62: G3 | H62: https://huggingface.co/StanfordAIMI/stanford-deidentifier-base
A63: neuralmind/bert-large-portuguese-cased | B63: neuralmind | C63: fill-mask | D63: 9656214 | E63: 只提供可執行程式碼的權重格式 (pickle 等) | F63: 只提供可執行程式碼的權重格式 (pickle 等) | G63: G3 | H63: https://huggingface.co/neuralmind/bert-large-portuguese-cased
A64: Systran/faster-whisper-tiny | B64: Systran | C64: automatic-speech-recognition | D64: 9647215 | E64: 只提供可執行程式碼的權重格式 (pickle 等) | F64: 只提供可執行程式碼的權重格式 (pickle 等) | G64: G3 | H64: https://huggingface.co/Systran/faster-whisper-tiny
A65: farbodtavakkoli/OTel-LLM-E4B-IT | B65: farbodtavakkoli | C65: text-generation | D65: 9631128 | E65: 只提供可執行程式碼的權重格式 (pickle 等) | F65: 只提供可執行程式碼的權重格式 (pickle 等) | G65: G3 | H65: https://huggingface.co/farbodtavakkoli/OTel-LLM-E4B-IT
A66: Systran/faster-whisper-base | B66: Systran | C66: automatic-speech-recognition | D66: 9614958 | E66: 只提供可執行程式碼的權重格式 (pickle 等) | F66: 只提供可執行程式碼的權重格式 (pickle 等) | G66: G3 | H66: https://huggingface.co/Systran/faster-whisper-base
A67: audeering/wav2vec2-large-robust-24-ft-age-gender | B67: audeering | C67: audio-classification | D67: 9397257 | E67: 授權不允許商用 | F67: 授權不允許商用 | G67: G5 | H67: https://huggingface.co/audeering/wav2vec2-large-robust-24-ft-age-gender
... A75: nomic-ai/nomic-embed-text-v2-moe | B75: nomic-ai | C75: sentence-similarity | D75: 8348064 | E75: 需開啟 trust_remote_code | F75: 需開啟 trust_remote_code | G75: G4 | H75: https://huggingface.co/nomic-ai/nomic-embed-text-v2-moe
A76: prajjwal1/bert-tiny | B76: prajjwal1 | D76: 8245042 | E76: 只提供可執行程式碼的權重格式 (pickle 等) | F76: 只提供可執行程式碼的權重格式 (pickle 等) | G76: G3 | H76: https://huggingface.co/prajjwal1/bert-tiny
A77: iitolstykh/mivolo_v2 | B77: iitolstykh | D77: 8220430 | E77: 需開啟 trust_remote_code | F77: 需開啟 trust_remote_code | G77: G4 | H77: https://huggingface.co/iitolstykh/mivolo_v2
A78: Khalsuu/filipino-wav2vec2-l-xls-r-300m-official | B78: Khalsuu | C78: automatic-speech-recognition | D78: 8118796 | E78: 只提供可執行程式碼的權重格式 (pickle 等) | F78: 只提供可執行程式碼的權重格式 (pickle 等) | G78: G3 | H78: https://huggingface.co/Khalsuu/filipino-wav2vec2-l-xls-r-300m-official
A79: apple/OpenELM-1_1B-Instruct | B79: apple | C79: text-generation | D79: 7921927 | E79: 需開啟 trust_remote_code | F79: 需開啟 trust_remote_code; 授權不允許商用 | G79: G4;G5 | H79: https://huggingface.co/apple/OpenELM-1_1B-Instruct
A80: airesearch/wav2vec2-large-xlsr-53-th | B80: airesearch | C80: automatic-speech-recognition | D80: 7920367 | E80: 只提供可執行程式碼的權重格式 (pickle 等) | F80: 只提供可執行程式碼的權重格式 (pickle 等) | G80: G3 | H80: https://huggingface.co/airesearch/wav2vec2-large-xlsr-53-th
A81: jonatasgrosman/wav2vec2-large-xlsr-53-persian | B81: jonatasgrosman | C81: automatic-speech-recognition | D81: 7854054 | E81: 只提供可執行程式碼的權重格式 (pickle 等) | F81: 只提供可執行程式碼的權重格式 (pickle 等) | G81: G3 | H81: https://huggingface.co/jonatasgrosman/wav2vec2-large-xlsr-53-persian
A82: microsoft/layoutlmv3-base | B82: microsoft | C82: document-question-answering | D82: 7786587 | E82: 授權不允許商用 | F82: 授權不允許商用 | G82: G5 | H82: https://huggingface.co/microsoft/layoutlmv3-base
A83: Comfy-Org/Flux-2-Dev | B83: Comfy-Org | C83: text-to-image | D83: 7776698 | E83: 生成影像、影音或語音, 無防禦用途 | F83: 生成影像、影音或語音, 無防禦用途 | G83: G6 | H83: https://huggingface.co/Comfy-Org/Flux-2-Dev
A84: Helsinki-NLP/opus-mt-nl-en | B84: Helsinki-NLP | C84: translation | D84: 7703994 | E84: 只提供可執行程式碼的權重格式 (pickle 等) | F84: 只提供可執行程式碼的權重格式 (pickle 等) | G84: G3 | H84: https://huggingface.co/Helsinki-NLP/opus-mt-nl-en
A85: biohub/ESMC-6B | B85: biohub | C85: fill-mask | D85: 7700236 | E85: 需開啟 trust_remote_code | F85: 需開啟 trust_remote_code | G85: G4 | H85: https://huggingface.co/biohub/ESMC-6B
A86: microsoft/Phi-3.5-vision-instruct | B86: microsoft | C86: image-text-to-text | D86: 7433397 | E86: 需開啟 trust_remote_code | F86: 需開啟 trust_remote_code | G86: G4 | H86: https://huggingface.co/microsoft/Phi-3.5-vision-instruct
A87: litert-community/gemma-4-E2B-it-litert-lm | B87: litert-community | C87: any-to-any | D87: 7186299 | E87: 無可辨識的權重檔 | F87: 無可辨識的權重檔 | G87: G3 | H87: https://huggingface.co/litert-community/gemma-4-E2B-it-litert-lm
A88: sshleifer/tiny-gpt2 | B88: sshleifer | C88: text-generation | D88: 7159322 | E88: 只提供可執行程式碼的權重格式 (pickle 等) | F88: 只提供可執行程式碼的權重格式 (pickle 等) | G88: G3 | H88: https://huggingface.co/sshleifer/tiny-gpt2
A89: HauhauCS/Gemma-4-E4B-Uncensored-HauhauCS-Aggressive | B89: HauhauCS | C89: image-text-to-text | D89: 7159026 | E89: 移除安全護欄或攻擊、成人內容用途 | F89: 移除安全護欄或攻擊、成人內容用途 | G89: G1 | H89: https://huggingface.co/HauhauCS/Gemma-4-E4B-Uncensored-HauhauCS-Aggressive
... A92: cardiffnlp/twitter-xlm-roberta-base-sentiment | B92: cardiffnlp | C92: text-classification | D92: 7118052 | E92: 只提供可執行程式碼的權重格式 (pickle 等) | F92: 只提供可執行程式碼的權重格式 (pickle 等) | G92: G3 | H92: https://huggingface.co/cardiffnlp/twitter-xlm-roberta-base-sentiment
A93: allenai/longformer-base-4096 | B93: allenai | D93: 7084971 | E93: 只提供可執行程式碼的權重格式 (pickle 等) | F93: 只提供可執行程式碼的權重格式 (pickle 等) | G93: G3 | H93: https://huggingface.co/allenai/longformer-base-4096
A94: nvidia/Nemotron-3-Nano-Omni-30B-A3B-Reasoning-NVFP4 | B94: nvidia | C94: any-to-any | D94: 7044433 | E94: 需開啟 trust_remote_code | F94: 需開啟 trust_remote_code | G94: G4 | H94: https://huggingface.co/nvidia/Nemotron-3-Nano-Omni-30B-A3B-Reasoning-NVFP4
A95: Systran/faster-whisper-large-v3 | B95: Systran | C95: automatic-speech-recognition | D95: 6993774 | E95: 只提供可執行程式碼的權重格式 (pickle 等) | F95: 只提供可執行程式碼的權重格式 (pickle 等) | G95: G3 | H95: https://huggingface.co/Systran/faster-whisper-large-v3
A96: apple/mobilevit-small | B96: apple | C96: image-classification | D96: 6813568 | E96: 只提供可執行程式碼的權重格式 (pickle 等) | F96: 只提供可執行程式碼的權重格式 (pickle 等) | G96: G3 | H96: https://huggingface.co/apple/mobilevit-small
A97: jinaai/jina-embeddings-v2-small-en | B97: jinaai | C97: feature-extraction | D97: 6654505 | E97: 需開啟 trust_remote_code | F97: 需開啟 trust_remote_code | G97: G4 | H97: https://huggingface.co/jinaai/jina-embeddings-v2-small-en
A98: Harveenchadha/vakyansh-wav2vec2-tamil-tam-250 | B98: Harveenchadha | C98: automatic-speech-recognition | D98: 6495416 | E98: 只提供可執行程式碼的權重格式 (pickle 等) | F98: 只提供可執行程式碼的權重格式 (pickle 等) | G98: G3 | H98: https://huggingface.co/Harveenchadha/vakyansh-wav2vec2-tamil-tam-250
A99: nvidia/NVIDIA-Nemotron-3-Super-120B-A12B-BF16 | B99: nvidia | C99: text-generation | D99: 6440820 | E99: 需開啟 trust_remote_code | F99: 需開啟 trust_remote_code | G99: G4 | H99: https://huggingface.co/nvidia/NVIDIA-Nemotron-3-Super-120B-A12B-BF16
A100: timm/convnextv2_nano.fcmae_ft_in22k_in1k | B100: timm | C100: image-classification | D100: 6436958 | E100: 授權不允許商用 | F100: 授權不允許商用 | G100: G5 | H100: https://huggingface.co/timm/convnextv2_nano.fcmae_ft_in22k_in1k
A101: rhasspy/faster-whisper-base-int8 | B101: rhasspy | D101: 6422471 | E101: 只提供可執行程式碼的權重格式 (pickle 等) | F101: 只提供可執行程式碼的權重格式 (pickle 等) | G101: G3 | H101: https://huggingface.co/rhasspy/faster-whisper-base-int8
A102: Kijai/LTX2.3_comfy | B102: Kijai | C102: image-to-video | D102: 6367771 | E102: 生成影像、影音或語音, 無防禦用途 | F102: 生成影像、影音或語音, 無防禦用途 | G102: G6 | H102: https://huggingface.co/Kijai/LTX2.3_comfy
A103: Serveurperso/YuE2-GGUF | B103: Serveurperso | C103: text-generation | D103: 6318713 | E103: 授權不允許商用 | F103: 授權不允許商用 | G103: G5 | H103: https://huggingface.co/Serveurperso/YuE2-GGUF
A104: jonatasgrosman/wav2vec2-large-xlsr-53-finnish | B104: jonatasgrosman | C104: automatic-speech-recognition | D104: 6188257 | E104: 只提供可執行程式碼的權重格式 (pickle 等) | F104: 只提供可執行程式碼的權重格式 (pickle 等) | G104: G3 | H104: https://huggingface.co/jonatasgrosman/wav2vec2-large-xlsr-53-finnish
A105: mesolitica/wav2vec2-xls-r-300m-mixed | B105: mesolitica | C105: automatic-speech-recognition | D105: 6186592 | E105: 只提供可執行程式碼的權重格式 (pickle 等) | F105: 只提供可執行程式碼的權重格式 (pickle 等) | G105: G3 | H105: https://huggingface.co/mesolitica/wav2vec2-xls-r-300m-mixed
A106: circlestone-labs/Anima | B106: circlestone-labs | C106: text-to-image | D106: 6148285 | E106: 生成影像、影音或語音, 無防禦用途 | F106: 生成影像、影音或語音, 無防禦用途 | G106: G6 | H106: https://huggingface.co/circlestone-labs/Anima
A107: NN-Dataset/tflite | B107: NN-Dataset | D107: 6086337 | E107: 只提供可執行程式碼的權重格式 (pickle 等) | F107: 只提供可執行程式碼的權重格式 (pickle 等) | G107: G3 | H107: https://huggingface.co/NN-Dataset/tflite
A108: nguyenvulebinh/wav2vec2-base-vi-vlsp2020 | B108: nguyenvulebinh | C108: automatic-speech-recognition | D108: 6079713 | E108: 只提供可執行程式碼的權重格式 (pickle 等) | F108: 只提供可執行程式碼的權重格式 (pickle 等); 授權不允許商用 | G108: G3;G5 | H108: https://huggingface.co/nguyenvulebinh/wav2vec2-base-vi-vlsp2020
A109: peft-internal-testing/tiny-clip-text-2 | B109: peft-internal-testing | D109: 6079257 | E109: 測試用模型, 非正式用途 | F109: 測試用模型, 非正式用途 | G109: G2 | H109: https://huggingface.co/peft-internal-testing/tiny-clip-text-2
A110: nvidia/NVIDIA-Nemotron-3-Nano-30B-A3B-NVFP4 | B110: nvidia | C110: text-generation | D110: 5998195 | E110: 需開啟 trust_remote_code | F110: 需開啟 trust_remote_code | G110: G4 | H110: https://huggingface.co/nvidia/NVIDIA-Nemotron-3-Nano-30B-A3B-NVFP4
...
